Input Sample,Astro,Exc,Inh,Micro,Oligo,OPC,P-value,Pearson Correlation,RMSE
MSSM_RNA_BP_PFC_10,0.074303027992424,0.41542236749549,0.077591996353448,0,0.43268260815864,0,0.006,0.2823583787560289,1.048479464847864
MSSM_RNA_BP_PFC_11,0.13247500205472,0.27774626126996,0.1469431217938,0,0.44283561488153,0,0.007,0.2387215508995048,1.065338313225355
MSSM_RNA_BP_PFC_12,0.031831926951362,0.61384442499314,0.192172421082,0,0.16215122697349,0,0.007,0.23733080194062303,1.0867957940507829
MSSM_RNA_BP_PFC_13,0,0.57717405557318,0.074485332129949,0,0.34834061229687,0,0.01,0.21820075522017723,1.1056760834569952
MSSM_RNA_BP_PFC_14,0.058451422938987,0.46129807384962,0.18363446965605,0,0.29661603355534,0,0.023,0.1427641500635557,1.1229196748261896
MSSM_RNA_BP_PFC_15,0.033636772780153,0.31697364144137,0.076761925810587,0,0.57262765996789,0,0.002,0.38205659366128186,1.0033162757398275
MSSM_RNA_BP_PFC_16,0.0763380965591,0.23162574008529,0,0,0.69203616335561,0,0.004,0.3326789613340211,1.0773857922290637
MSSM_RNA_BP_PFC_17,0.058086842453294,0.5869576483604,0.1295559585713,0,0.22539955061501,0,0.015,0.18886536866050896,1.1098045362871614
MSSM_RNA_BP_PFC_18,0.049257787790822,0.33952946981527,0.18334036796612,0,0.42787237442778,0,0.005,0.30162030340441826,1.028594472035713
MSSM_RNA_BP_PFC_19,0.060937074020799,0.48631121078919,0,0,0.45275171519001,0,0.006,0.26972191002342727,1.0719735663346879
MSSM_RNA_BP_PFC_2,0.082562250325408,0.51384717069162,0.050944601082368,0,0.35264597790061,0,0.01,0.21907017474210608,1.0887358916078969
MSSM_RNA_BP_PFC_20,0.13979438637019,0.27689120534051,0.10512831136795,0,0.47818609692135,0,0.005,0.29943762396229057,1.0338739075800216
MSSM_RNA_BP_PFC_23,0.032359259608687,0.31215891929327,0.16790987279092,0,0.48757194830713,0,0.004,0.322602511111197,1.0251337315071443
MSSM_RNA_BP_PFC_24,0.10022371276799,0.51958347859599,0.039407961009137,0,0.34078484762688,0,0.015,0.18842760669969397,1.1069999641289747
MSSM_RNA_BP_PFC_4,0,0.32939897653296,0.1731354850814,0,0.49746553838564,0,0.005,0.3037801070965853,1.044811404318323
MSSM_RNA_BP_PFC_5,0.085542536982605,0.51175734610656,0.020903815007702,0,0.38179630190313,0,0.035,0.12455163022937842,1.153672392070574
MSSM_RNA_BP_PFC_6,0.10279115058636,0.54355284649475,0.096630045795182,0,0.25702595712371,0,0.007,0.25259581329998726,1.0605013638035248
MSSM_RNA_BP_PFC_7,0.0030816653879073,0.18251247121312,0.029620452169177,0,0.78478541122979,0,0.013,0.20670644655728354,1.2193650317463058
MSSM_RNA_BP_PFC_8,0.027521133691017,0.47169338094253,0.093031600046069,0,0.40775388532038,0,0.047,0.11119217537159531,1.1640476179755985
MSSM_RNA_BP_PFC_9,0.027276646264501,0.69606788660786,0.1317226146592,0,0.14493285246843,0,0.016,0.16932943243530907,1.148358684500634
MSSM_RNA_PFC_1,0.031101423587517,0.048130805116621,0.02709510206301,0,0.89367266923285,0,0.002,0.37856526177563604,1.1308130943675947
MSSM_RNA_PFC_10,0.068215634713029,0.13643998288825,0.029046294491932,0,0.76629808790679,0,0.002,0.4246774507446887,1.0267406101321412
MSSM_RNA_PFC_100,0.017758661546002,0.16893016976103,0,0,0.81331116869296,0,0.013,0.2003575489837675,1.2394606404317494
MSSM_RNA_PFC_101,0.078092338307007,0.37447659941781,0.14879450622389,0,0.3986365560513,0,0.007,0.24084805013034083,1.064493696757405
MSSM_RNA_PFC_102,0.074623411394001,0.33015445319747,0,0,0.59522213540852,0,0.002,0.43358960272293573,0.969551989406641
MSSM_RNA_PFC_106,0.030535873512635,0.25197630492474,0,0,0.71748782156262,0,0.004,0.3162404684197379,1.1040387781396024
MSSM_RNA_PFC_108,0.025791941163413,0.47030693043937,0,0,0.50390112839721,0,0.047,0.11128413581786174,1.191959913514295
MSSM_RNA_PFC_109,0.12821322646295,0.48136690644436,0.030624716241484,0,0.3597951508512,0,0.025,0.134676153046823,1.1373353017389982
MSSM_RNA_PFC_11,0.039836781524414,0.23011472817782,0.18617060113382,0,0.54387788916394,0,0.004,0.31300023590301546,1.0400870362770085
MSSM_RNA_PFC_110,0.099987100540502,0.459631236143,0.044884505953897,0,0.3954971573626,0,0.007,0.24841236541784337,1.0688220283088248
MSSM_RNA_PFC_111,0.048980720195816,0.3210653034065,0,0,0.62995397639768,0,0.007,0.24736913042327655,1.12451135671593
MSSM_RNA_PFC_112,0.0412154780547,0.55375518879551,0.19520362743308,0,0.20982570571671,0,0.013,0.19883776722931276,1.1000500179837813
MSSM_RNA_PFC_113,0,0.3002897569796,0.046078742909043,0,0.65363150011136,0,0.005,0.3045287916469872,1.0913087158850667
MSSM_RNA_PFC_114,0.038854802328592,0.34506989557338,0,0,0.61607530209803,0,0.009,0.22179491699565287,1.1403312028626065
MSSM_RNA_PFC_116,0.27620903196755,0.28735276506443,0.010381452696212,0,0.42605675027181,0,0.017,0.16219998885699588,1.1256378226832482
MSSM_RNA_PFC_117,0.041929357166494,0.21777830507707,0.015804079479762,0,0.72448825827667,0,0.006,0.25726361100949163,1.1500740064939725
MSSM_RNA_PFC_118,0,0.46579143356668,0.032082916904388,0,0.50212564952893,0,0.035,0.12586866481021775,1.1831790949729528
MSSM_RNA_PFC_119,0.08932257582496,0.54002103952797,0.062561931323169,0,0.3080944533239,0,0.005,0.3034249591835616,1.0309384595763607
MSSM_RNA_PFC_12,0.048209419687655,0.41612701851404,0.050623400694247,0,0.48504016110406,0,0.023,0.1422237982867929,1.1552168594249914
MSSM_RNA_PFC_120,0.054329012462823,0.29796870397536,0.073509377241533,0,0.57419290632028,0,0.002,0.37345510343753824,1.0080434161343739
MSSM_RNA_PFC_121,0.056608471568286,0.42416253428402,0.033829962250027,0,0.48539903189767,0,0.006,0.26993728088743213,1.071328364645379
MSSM_RNA_PFC_122,0.19799826417272,0.43537581443411,0,0,0.36662592139317,0,0.027,0.1312084689675798,1.1379738058836983
MSSM_RNA_PFC_123,0.20916748977075,0.2327434205784,0.027366726295904,0,0.53072236335495,0,0.007,0.24310760618349822,1.0891835113009396
MSSM_RNA_PFC_124,0.10590994743961,0.36960732928867,0,0,0.52448272327173,0,0.003,0.3657029578299461,1.0066614124909146
MSSM_RNA_PFC_125,0.030895038507313,0.58239695793526,0.090803416448311,0,0.29590458710912,0,0.013,0.20140190909353864,1.1078347860835926
MSSM_RNA_PFC_126,0.09059972603987,0.38881521013233,0.17313975385906,0,0.34744530996874,0,0.008,0.23247628996727993,1.0628932514144354
MSSM_RNA_PFC_127,0.1053330722734,0.32263745204568,0.060073852807885,0,0.51195562287304,0,0.007,0.23500770202472107,1.0898801574548962
MSSM_RNA_PFC_128,0.084623743431621,0.33425504285292,0.0094896744046183,0,0.57163153931084,0,0.006,0.2806273201089543,1.0792298111311034
MSSM_RNA_PFC_129,0.03786883676414,0.30389390636674,0.042573214529328,0,0.61566404233979,0,0.006,0.27255756564956335,1.098598285215781
MSSM_RNA_PFC_13,0.066582694855631,0.50983327446918,0.0066160552557994,0,0.41696797541939,0,0.063,0.10148069710597937,1.176752931784011
MSSM_RNA_PFC_130,0.017512939262991,0.53489069841845,0.0067492486340935,0,0.44084711368447,0,0.004,0.3406648872524966,1.0281384355767509
MSSM_RNA_PFC_131,0.058211469186672,0.36824891939018,0.065626970555955,0,0.5079126408672,0,0.013,0.20058883543957146,1.1173555748798594
MSSM_RNA_PFC_132,0.025223534601664,0.37398310335402,0,0,0.60079336204431,0,0.008,0.2313506987907831,1.1316265825502605
MSSM_RNA_PFC_133,0.15938293665081,0,0,0,0.84061706334919,0,0.002,0.40752805478934934,1.0793042263871278
MSSM_RNA_PFC_134,0.053570710042553,0.42904979565024,0.083881739341294,0.0004,0.43311119169954,0,0.027,0.13090737567784524,1.149126424573728
MSSM_RNA_PFC_135,0.11966463967156,0.51021173460588,0.023992422630325,0,0.34613120309223,0,0.007,0.23673857642233553,1.0753904012896427
MSSM_RNA_PFC_136,0.044005471642859,0.51279577977271,0.057483387238002,0,0.38571536134643,0,0.006,0.2659798944243164,1.0649999363713636
MSSM_RNA_PFC_137,0.11711733482602,0.47951115584962,0.1106077357236,0,0.29276377360076,0,0.03,0.12835986776337652,1.1302663688901913
MSSM_RNA_PFC_139,0.27488170186668,0,0,0.040218600697801,0.68489969743552,0,0.015,0.1782573812216028,1.1986696671348498
MSSM_RNA_PFC_140,0.061808915045813,0.61901827221147,0.041469097430749,0.049250613889326,0.22845310142264,0,0.015,0.19374458115556065,1.1085714575756136
MSSM_RNA_PFC_141,0.066419553599686,0.70639077343126,0.085099788659822,0,0.14208988430924,0,0.039,0.11924682841993663,1.1787068968251484
MSSM_RNA_PFC_142,0.083390643691873,0.49732795592903,0,0,0.41928140037909,0,0.005,0.30303522047575876,1.0424670855911664
MSSM_RNA_PFC_143,0.016844270831402,0.24900403114975,0,0,0.73415169801884,0,0.013,0.20240707176957523,1.2003385438103844
MSSM_RNA_PFC_144,0.0047679214331822,0.41397985083312,0.10082595238438,0,0.48042627534932,0,0.007,0.2396881793911108,1.0928174017152148
MSSM_RNA_PFC_145,0.0041865094770359,0.54384173207728,0.1574997277614,0,0.29447203068429,0,0.009,0.22398036845844804,1.0900522571391755
MSSM_RNA_PFC_146,0.019416015363233,0.56606826658318,0.027274026301784,0,0.3872416917518,0,0.006,0.27415332411472687,1.070056890869133
MSSM_RNA_PFC_147,0,0.49672739959108,0.023661517005184,0,0.47961108340374,0,0.002,0.3848828671317907,0.999025524283954
MSSM_RNA_PFC_148,0.047658601825891,0.34692841417282,0.048801293225764,0,0.55661169077553,0,0.006,0.2667551045699029,1.0857835336598847
MSSM_RNA_PFC_149,0.019434144869055,0.43879491024117,0,0,0.54177094488978,0,0.003,0.3622502406331067,1.0234618495708765
MSSM_RNA_PFC_15,0.04171664958098,0.44185240933474,0,0,0.51643094108428,0,0.015,0.1754179157820886,1.1483570098584546
MSSM_RNA_PFC_151,0.021619482653399,0.50866177065361,0,0,0.46971874669299,0,0.015,0.18731915743689304,1.1383251072172043
MSSM_RNA_PFC_152,0.087794497416157,0.71114552507867,0.058913037345422,0,0.14214694015975,0,0.011,0.2100812449102482,1.1185363794910694
MSSM_RNA_PFC_153,0.055268610784152,0.42954249906998,0.10537914122098,0,0.40980974892488,0,0.006,0.2834488272843663,1.045738391593725
MSSM_RNA_PFC_154,0.33586208584383,0.28565354198109,0,0,0.37848437217508,0,0.168,0.05937156438193747,1.1898228038549297
MSSM_RNA_PFC_155,0.061516959128627,0.30743475634137,0,0,0.63104828453,0,0.003,0.35026587462168685,1.0458303321908524
MSSM_RNA_PFC_156,0.093321148824752,0.50399743895169,0,0,0.40268141222356,0,0.015,0.17508727821782377,1.1252078311301354
MSSM_RNA_PFC_157,0.071430768112901,0.4492540226108,0,0.013320611684785,0.46599459759151,0,0.006,0.2748358230007632,1.0653956635636812
MSSM_RNA_PFC_158,0.1011133301295,0.32531923118973,0,0,0.57356743868078,0,0.007,0.24007874683784167,1.1079465757735703
MSSM_RNA_PFC_16,0.051636365085311,0.13744608519823,0,0,0.81091754971646,0,0.015,0.18964316790417912,1.2434844927667361
MSSM_RNA_PFC_160,0.048083509224924,0.6921957636334,0.0018908542193168,0,0.25782987292236,0,0.016,0.16561460363221947,1.1491090932558332
MSSM_RNA_PFC_161,0.0033444017557393,0.39119801208098,0,0,0.60545758616328,0,0.003,0.35416897880711723,1.0447954014446972
MSSM_RNA_PFC_162,0.052409907635109,0.43037068446803,0,0,0.51721940789686,0,0.014,0.19588785798824326,1.132652656771021
MSSM_RNA_PFC_163,0.085565754330893,0.21036484684751,0,0,0.70406939882159,0,0.018,0.15680221640693784,1.21321659107766
MSSM_RNA_PFC_164,0.11276754286871,0.63689958549906,0.1055621550884,0,0.14477071654383,0,0.027,0.1315354875960513,1.1524468906502465
MSSM_RNA_PFC_165,0.063203712721991,0.18359155437471,0.079350028157857,0,0.67385470474544,0,0.002,0.41113579817577456,1.0029051054811617
MSSM_RNA_PFC_166,0.067134952144085,0.3902510774514,0.014052410605447,0,0.52856155979907,0,0.005,0.2959098452605453,1.0609023870544616
MSSM_RNA_PFC_167,0.020641853776981,0.52127326913352,0.040737483730737,0,0.41734739335877,0,0.196,0.052562096226908425,1.212260254813167
MSSM_RNA_PFC_168,0.2519022469604,0.34334041876213,0,0,0.40475733427748,0,0.015,0.17532790169404947,1.114035185679925
MSSM_RNA_PFC_170,0.048922002198296,0.37556565697424,0,0,0.57551234082746,0,0.008,0.23356893558589203,1.1196001021336452
MSSM_RNA_PFC_171,0.054232683515928,0.55763384639518,0,0,0.38813347008889,0,0.006,0.2624455863934667,1.0747595731499293
MSSM_RNA_PFC_172,0.034976038345085,0.52356414440833,0.064296056798826,0,0.37716376044776,0,0.016,0.17180543992054156,1.1277359417162196
MSSM_RNA_PFC_173,0.22739722011644,0.22627707055399,0,0,0.54632570932957,0,0.012,0.2095502988812417,1.119663632537912
MSSM_RNA_PFC_174,0.15129567039984,0.20311020652153,0,0,0.64559412307863,0,0.005,0.2945849830139604,1.0879808206111417
MSSM_RNA_PFC_175,0.035351781180603,0.44449594953574,0.037444015340231,0,0.48270825394342,0,0.006,0.26903799763369685,1.0749470710990665
MSSM_RNA_PFC_176,0.098416481942309,0.40333302116555,0,0,0.49825049689214,0,0.007,0.23406187301685616,1.0964092893743485
MSSM_RNA_PFC_177,0.028605733673132,0.32618059766981,0.070527448598618,0,0.57468622005844,0,0.003,0.3697645656381347,1.0144084835726543
MSSM_RNA_PFC_179,0.091379149947057,0.38472874595178,0,0,0.52389210410116,0,0.015,0.18818901771251403,1.132853830895448
MSSM_RNA_PFC_180,0.071894328258932,0.38167125991763,0.085074486562001,0,0.46135992526143,0,0.002,0.39398537841485215,0.9724091463213749
MSSM_RNA_PFC_181,0.061095279209355,0.65333993052387,0.012264219354023,0,0.27330057091275,0,0.016,0.17026388423824543,1.1376660809981725
MSSM_RNA_PFC_182,0.13307659202966,0.12768352674553,0,0,0.73923988122481,0,0.027,0.13165085950306954,1.24664275175149
MSSM_RNA_PFC_183,0.087811904802189,0.51332493988344,0.034896387012954,0,0.36396676830142,0,0.006,0.2557064926210188,1.0664590176344098
MSSM_RNA_PFC_184,0.12228469419021,0.37443759570646,0.067006532085981,0,0.43627117801734,0,0.015,0.19137719528723426,1.103274979563244
MSSM_RNA_PFC_185,0.03986482059559,0.36207545639052,0.078865772853645,0,0.51919395016024,0,0.004,0.33786399498723113,1.0256058248230877
MSSM_RNA_PFC_186,0.013166040496743,0.22640926763726,0,0,0.760424691866,0,0.004,0.3187019536010374,1.1211098849869274
MSSM_RNA_PFC_187,0.022592310126158,0.3567054087164,0.023737971953545,0,0.5969643092039,0,0.06,0.10511855838067875,1.2143644871847539
MSSM_RNA_PFC_188,0.0099789077037212,0.52038976840538,0.10955873164819,0,0.36007259224271,0,0.005,0.2872685603305772,1.0505179248072518
MSSM_RNA_PFC_189,0.11513579112805,0.54880560425764,0.023167092632091,0,0.31289151198222,0,0.014,0.19841632036924384,1.1016365991315746
MSSM_RNA_PFC_192,0.1386858056245,0.61761451560495,0.069345264964559,0,0.17435441380599,0,0.007,0.23777614992284893,1.0794762232480637
MSSM_RNA_PFC_194,0.12178402102222,0.21541617323283,0.0050529639338362,0,0.65774684181111,0,0.002,0.38652697541963743,1.020437905877038
MSSM_RNA_PFC_195,0.028987488449431,0.44721917350187,0.051392085539123,0,0.47240125250958,0,0.01,0.21284501870196917,1.1112282793517123
MSSM_RNA_PFC_196,0.041399708393475,0.6078993935918,0,0,0.35070089801473,0,0.016,0.16414943371132587,1.1438219468388149
MSSM_RNA_PFC_197,0.063729986553359,0.62887564433791,0.15441403579912,0,0.15298033330961,0,0.016,0.17215629688841083,1.128490059210547
MSSM_RNA_PFC_2,0.051468839873569,0.48241177938226,0,0,0.46611938074417,0,0.007,0.2479132645186334,1.090143160745272
MSSM_RNA_PFC_20,0.065432633977817,0.42664277168705,0,0,0.50792459433513,0,0.005,0.3001387582709072,1.0566014572962337
MSSM_RNA_PFC_200,0.068168792731017,0.49922555005946,0.036251875311696,0,0.39635378189782,0,0.007,0.24274865047211838,1.0793024936102442
MSSM_RNA_PFC_201,0.086283414077328,0.64547093042994,0,0.0042522620288978,0.26399339346384,0,0.087,0.08718184609631176,1.1859722674642406
MSSM_RNA_PFC_202,0.021135003928138,0.48574296807805,0.063153584323472,0,0.42996844367034,0,0.012,0.20873539274996242,1.1097578387243938
MSSM_RNA_PFC_204,0.039965975476891,0.12827616697165,0.035308846062464,0,0.79644901148899,0,0.002,0.3749864788554177,1.0841929065593598
MSSM_RNA_PFC_205,0.020257773520308,0.51358850469483,0.02712810970028,0,0.43902561208458,0,0.006,0.261106616662729,1.0809657696893369
MSSM_RNA_PFC_208,0.035196201577726,0.48064073650091,0.051534398171868,0,0.4326286637495,0,0.195,0.05285751853166661,1.2069429397182665
MSSM_RNA_PFC_209,0.12079745337025,0.14432951923789,0,0,0.73487302739186,0,0.007,0.2412871849750071,1.1638908464448854
MSSM_RNA_PFC_210,0.046882637443214,0.15162835655971,0,0,0.80148900599707,0,0.006,0.26192504155210017,1.1824077606538572
MSSM_RNA_PFC_211,0.18786243994534,0.090301442335834,0,0,0.72183611771882,0,0.098,0.08112591949271107,1.2758220834841993
MSSM_RNA_PFC_212,0.034040383621893,0.20902814263812,0,0,0.75693147373998,0,0.004,0.31521257678663384,1.120142516434216
MSSM_RNA_PFC_22,0.0683412973827,0.35570713828586,0.074082193300204,0,0.50186937103124,0,0.006,0.2641339504923927,1.0710901688574923
MSSM_RNA_PFC_220,0.25551046438372,0.27071177384062,0,0,0.47377776177567,0,0.006,0.27872810234296186,1.0575851586228617
MSSM_RNA_PFC_221,0.02382298041633,0.42891178014535,0.0023809724705338,0,0.54488426696778,0,0.079,0.09368011979047128,1.2113997390116593
MSSM_RNA_PFC_223,0.084948524367938,0.42475962992537,0.074333798646191,0,0.4159580470605,0,0.014,0.19792570144427432,1.1010020741742343
MSSM_RNA_PFC_226,0.096100571931488,0.41581071270225,0,0,0.48808871536626,0,0.005,0.2895525793296458,1.0569878155524364
MSSM_RNA_PFC_228,0.094333147074566,0.60669263821778,0.010166551369524,0,0.28880766333813,0,0.014,0.19766980167718665,1.110357654599741
MSSM_RNA_PFC_229,0.068382671223921,0.34241201172038,0.037329166795632,0,0.55187615026006,0,0.08,0.09340736399687508,1.1989105351635314
MSSM_RNA_PFC_230,0.036257453428246,0.42289634089695,0,0,0.5408462056748,0,0.003,0.35730534746179665,1.0242281731476197
MSSM_RNA_PFC_231,0.11307380296391,0.15050316048156,0.078899687545835,0,0.6575233490087,0,0.003,0.37027602701891094,1.0286860869921057
MSSM_RNA_PFC_232,0.028823426444801,0.47119736894741,0.15652359405617,0,0.34345561055162,0,0.005,0.28801045858796753,1.0398901098830995
MSSM_RNA_PFC_233,0.044982816178309,0.57108426383333,0.038492150547475,0,0.34544076944089,0,0.007,0.24286159425145484,1.0834822912344584
MSSM_RNA_PFC_234,0.078374874679036,0.10251061594626,0,0,0.8191145093747,0,0.003,0.35616892341055495,1.1115266460752804
MSSM_RNA_PFC_236,0,0.63703313606853,0.10317288363925,0,0.25979398029222,0,0.006,0.27152343117396277,1.0714022970085197
MSSM_RNA_PFC_237,0.021259116790999,0.34872545092754,0.022921975099656,0,0.60709345718181,0,0.007,0.2360310404010492,1.1276039466832872
MSSM_RNA_PFC_238,0.053525168720005,0.35458985058603,0,0,0.59188498069396,0,0.013,0.20319607669203985,1.1443306854735127
MSSM_RNA_PFC_239,0.326767477604,0.37262323752654,0.020630347458386,0,0.27997893741108,0,0.129,0.07072108581568878,1.171514446079342
MSSM_RNA_PFC_240,0.071868920466718,0.40602007893559,0.18543928519553,0,0.33667171540217,0,0.015,0.18842406397940134,1.091634444153404
MSSM_RNA_PFC_241,0.12468198464558,0.54096593370623,0.016009646985462,0,0.31834243466273,0,0.016,0.17340981369168507,1.1169159562658357
MSSM_RNA_PFC_242,0.057802039286392,0.45691527403546,0.059118263404221,0,0.42616442327392,0,0.015,0.1787365815820981,1.1213436740531246
MSSM_RNA_PFC_243,0.25632692687984,0.17509379906364,0,0,0.56857927405652,0,0.015,0.18139131340621711,1.1481676113933432
MSSM_RNA_PFC_244,0.07341305838499,0.40309476181851,0.063154505209038,0,0.46033767458746,0,0.006,0.27838441125959096,1.0559375547540542
MSSM_RNA_PFC_245,0.10131824014904,0.48477467232722,0.067625451172085,0,0.34628163635166,0,0.017,0.16198388804420283,1.118496844810807
MSSM_RNA_PFC_246,0.1516089734779,0.11934008347348,0.12540249085258,0,0.60364845219604,0,0.002,0.38152799587602265,1.0017032572254363
MSSM_RNA_PFC_248,0.034191900148212,0.54167489115299,0.14963342072516,0,0.27449978797364,0,0.017,0.16055462734160308,1.124823676482958
MSSM_RNA_PFC_25,0.052905910062988,0.38238609482613,0,0,0.56470799511088,0,0.004,0.3187910728453398,1.054991061155929
MSSM_RNA_PFC_250,0.058991695654664,0.16503526488471,0.052409271407219,0,0.72356376805341,0,0.004,0.3199812957236123,1.0963962953406068
MSSM_RNA_PFC_251,0.045409946732471,0.35467534904032,0,0.023885525598514,0.5760291786287,0,0.087,0.08598451152380197,1.2152383810427223
MSSM_RNA_PFC_253,0.18392959757721,0.42301169815796,0.04854109448832,0,0.34451760977651,0,0.035,0.124588729234563,1.1337769617140896
MSSM_RNA_PFC_254,0.026775745989388,0.34849905067401,0.042120684481695,0,0.58260451885491,0,0.002,0.3862610122831599,1.0062031158178542
MSSM_RNA_PFC_255,0.0071733427359069,0.22576745915643,0.2442514135306,0,0.52280778457706,0,0.021,0.14965843450171257,1.146983524314061
MSSM_RNA_PFC_256,0.052950814321613,0.39019589465204,0,0,0.55685329102635,0,0.132,0.06989683406486236,1.2236927043721486
MSSM_RNA_PFC_257,0.14874550260151,0.34944175244852,0,0,0.50181274494997,0,0.017,0.1596663100150362,1.1412440572028955
MSSM_RNA_PFC_258,0.13812650925589,0.32365724998127,0,0,0.53821624076284,0,0.016,0.17203353606641641,1.142225803207398
MSSM_RNA_PFC_26,0.025942483459037,0.34840902161168,0.10783929594647,0,0.51780919898281,0,0.015,0.19305031882800233,1.1249782302184543
MSSM_RNA_PFC_260,0.038075581440211,0.11251349468134,0,0,0.84941092387845,0,0.002,0.45449133864233093,1.0386815144093788
MSSM_RNA_PFC_261,0.018530931806472,0.52748743187098,0.010548005442302,0,0.44343363088024,0,0.01,0.21466101802760743,1.1163589052387868
MSSM_RNA_PFC_262,0.0037163710483392,0.30647703579244,0.041499373761715,0,0.64830721939751,0,0.13,0.07025057913745127,1.2561127568313781
MSSM_RNA_PFC_264,0.096982021556872,0.18590573076166,0,0,0.71711224768147,0,0.047,0.11145138406369882,1.2504294878940339
MSSM_RNA_PFC_265,0.1021729070673,0.30000398692407,0.054311303590465,0,0.54351180241816,0,0.004,0.3435315739598533,1.0213051332623109
MSSM_RNA_PFC_266,0.058662043508053,0.46002777830741,0.027350062789899,0,0.45396011539464,0,0.014,0.19853254737216477,1.1161083771693934
MSSM_RNA_PFC_268,0.1282500231803,0.40318651647835,0,0,0.46856346034135,0,0.004,0.3483079543294148,1.0096137429703953
MSSM_RNA_PFC_269,0.11530646104253,0.46900878321266,0.09721243176824,0,0.31847232397657,0,0.015,0.1941160594779471,1.0919426293647847
MSSM_RNA_PFC_270,0.49018772726354,0.23818351205429,0,0,0.27162876068216,0,0.084,0.09083756653851953,1.2002556742051484
MSSM_RNA_PFC_271,0.086416236697743,0.20937716926218,0,0,0.70420659404007,0,0.002,0.38132937657323285,1.0416842222678548
MSSM_RNA_PFC_272,0.22801527131899,0.10791456032634,0,0,0.66407016835468,0,0.025,0.13423473104465788,1.2148570332283184
MSSM_RNA_PFC_273,0.048203357755218,0.64502386826115,0.15556300095383,0,0.1512097730298,0,0.015,0.1778906759522858,1.1296219577058795
MSSM_RNA_PFC_274,0.087238993189975,0.18281833496425,0,0,0.72994267184577,0,0.034,0.12602873514047352,1.2468433730384685
MSSM_RNA_PFC_276,0.020211163360709,0.21421764241471,0,0,0.76557119422458,0,0.024,0.14127486988354035,1.259436619626471
MSSM_RNA_PFC_277,0.093044579752697,0.54314180758761,0.10380337102845,0,0.26001024163124,0,0.008,0.23052505346263316,1.0751956819600792
MSSM_RNA_PFC_278,0.17547383324922,0.41096070473483,0.11003472129288,0,0.30353074072307,0,0.022,0.14604677932416105,1.1122159233427948
MSSM_RNA_PFC_279,0.15093840477841,0.45708321147109,0,0,0.3919783837505,0,0.039,0.1178225688687803,1.151655679547351
MSSM_RNA_PFC_28,0.027300621786666,0.4094734773209,0.045127449136873,0,0.51809845175556,0,0.031,0.12810516627925922,1.1755555504562922
MSSM_RNA_PFC_280,0.036366686620972,0.16833231668909,0.023263909006913,0,0.77203708768302,0,0.006,0.26332849947804926,1.1661339423279904
MSSM_RNA_PFC_281,0.010032173901092,0.34975146143971,0.17814948041662,0,0.46206688424258,0,0.007,0.24777733176072037,1.0756606750770321
MSSM_RNA_PFC_282,0.10719666166541,0.49748812166793,0.038588164336966,0,0.3567270523297,0,0.016,0.1712855817998548,1.1166831651203453
MSSM_RNA_PFC_284,0.069704259370077,0.35581647747755,0.062597986176354,0,0.51188127697602,0,0.025,0.13754099015339358,1.1575852288361268
MSSM_RNA_PFC_286,0.040113939244799,0.51244009021574,0.13611539324045,0,0.31133057729902,0,0.006,0.2649279973861854,1.055978680696662
MSSM_RNA_PFC_287,0.10901946609089,0.43444307560564,0.067681714059642,0,0.38885574424383,0,0.013,0.20225719362304292,1.0935610177601653
MSSM_RNA_PFC_288,0,0.38340797959832,0.077338578050574,0,0.53925344235111,0,0.016,0.16587524677015297,1.1567658017494948
MSSM_RNA_PFC_289,0.1130210531921,0.54444939139658,0.032321572587556,0,0.31020798282376,0,0.004,0.32048397572902754,1.019901370834349
MSSM_RNA_PFC_29,0.043882671554898,0.44212801488963,0,0,0.51398931355547,0,0.015,0.1757406115887995,1.1472611048983856
MSSM_RNA_PFC_290,0.20464583364514,0.55380122183664,0.12604653313343,0,0.1155064113848,0,0.01,0.2162934115586448,1.0862851524919757
MSSM_RNA_PFC_291,0.17332964583415,0.17311495847555,0,0,0.6535553956903,0,0.009,0.22650677849509387,1.1412467491972866
MSSM_RNA_PFC_295,0.0444106882396,0.39047705939747,0,0,0.56511225236294,0,0.002,0.38316630417311337,1.0073192857899806
MSSM_RNA_PFC_296,0,0.38704116830958,0.0155080943069,0,0.59745073738352,0,0.004,0.3366439828909621,1.0553217723171817
MSSM_RNA_PFC_297,0.060639295173624,0.22016951630557,0.0070680826171147,0,0.71212310590369,0,0.002,0.3959120394626844,1.0333147086131036
MSSM_RNA_PFC_298,0.048608497445084,0.54121447129391,0.058568498962926,0,0.35160853229809,0,0.015,0.19347756271725203,1.1113758163059229
MSSM_RNA_PFC_299,0.26431062559289,0.10305269972689,0,0,0.63263667468022,0,0.024,0.14078044384894212,1.2014517239065923
MSSM_RNA_PFC_3,0.049582157453561,0.37896344817868,0.13823953870184,0,0.43321485566592,0,0.013,0.20167003243605797,1.098480801169836
MSSM_RNA_PFC_30,0.041459222197304,0.54866936083861,0,0,0.40987141696408,0,0.006,0.26422775196735104,1.0769619024044157
MSSM_RNA_PFC_300,0.01811926864113,0.34433665482552,0,0,0.63754407653335,0,0.016,0.17392553999518692,1.184396172226209
MSSM_RNA_PFC_301,0.13835146664441,0.30314993219774,0,0.20092387674959,0.35757472440825,0,0.022,0.14610247578948748,1.1031377445934334
MSSM_RNA_PFC_302,0.076546300436593,0.58863435256063,0,0,0.33481934700278,0,0.005,0.2849776312466572,1.0550608362708207
MSSM_RNA_PFC_303,0.41984127231401,0.11964237612424,0,0,0.46051635156175,0,0.008,0.2332073158275223,1.1143167680831203
MSSM_RNA_PFC_304,0.42693912377025,0.18422475331714,0,0,0.38883612291262,0,0.007,0.2358548327773053,1.0994800507411766
MSSM_RNA_PFC_305,0.078282996477578,0.24569335264638,0,0,0.67602365087604,0,0.007,0.2524847233053802,1.1329780181885525
MSSM_RNA_PFC_306,0.22831052781144,0.12309132401265,0,0,0.64859814817592,0,0.006,0.2814532533872439,1.1028074119530558
MSSM_RNA_PFC_308,0.054329711017335,0.55008319653378,0,0,0.39558709244888,0,0.013,0.20532012599159774,1.1133683892523067
MSSM_RNA_PFC_309,0.094423970677456,0.48278464734029,0.032231230821923,0,0.39056015116033,0,0.01,0.21554113669080582,1.0927916175558505
MSSM_RNA_PFC_31,0.020431573274596,0.40211336429444,0,0,0.57745506243096,0,0.005,0.3076985484431991,1.071169920126092
MSSM_RNA_PFC_310,0.10645753350523,0.3903141087004,0.081457194256928,0,0.42177116353745,0,0.006,0.2770587931946195,1.046371916750412
MSSM_RNA_PFC_311,0.087974603844098,0.42443916871687,0.044878078367118,0,0.44270814907192,0,0.032,0.12720724541962378,1.1520753443818108
MSSM_RNA_PFC_312,0.22292725447197,0.20450211245474,0,0,0.5725706330733,0,0.002,0.4061582387200793,0.983675607571684
MSSM_RNA_PFC_313,0,0.14619817139484,0.19653008138457,0,0.65727174722059,0,0.006,0.2718945936493278,1.1069736501602667
MSSM_RNA_PFC_314,0.011023314176239,0.45111277523515,0.041227019279109,0,0.4966368913095,0,0.004,0.3429094712861662,1.0279634771975728
MSSM_RNA_PFC_315,0.14825310897717,0.44949366773612,0,0,0.40225322328671,0,0.014,0.19758872615703194,1.1029683259618905
MSSM_RNA_PFC_316,0.15084842326146,0.78507945317377,0,0,0.064072123564768,0,0.007,0.23686955002701218,1.1207244920412798
MSSM_RNA_PFC_319,0.37537014642994,0.42373095669235,0,0,0.20089889687771,0,0.062,0.10312909080892485,1.1653762160387722
MSSM_RNA_PFC_32,0.041586740981832,0.11815373289769,0,0,0.84025952612048,0,0.004,0.33233908878096113,1.1440845029646736
MSSM_RNA_PFC_320,0.082142145680084,0.31281055918248,0.04073215354954,0,0.56431514158789,0,0.004,0.3387893493437484,1.0320724927835234
MSSM_RNA_PFC_321,0.058063761013431,0.58094976780316,0.028171049072873,0,0.33281542211053,0,0.014,0.1976028106235342,1.1125166725414357
MSSM_RNA_PFC_323,0.067553153340496,0.51202926040542,0.016883115818546,0,0.40353447043554,0,0.013,0.205493230778757,1.107549507239939
MSSM_RNA_PFC_326,0.2379174800276,0.51316888724485,0.054698858351132,0,0.19421477437642,0,0.009,0.22778825946786477,1.0740543131264557
MSSM_RNA_PFC_327,0.10703974314675,0.44785239014104,0.040209524321708,0,0.40489834239051,0,0.004,0.32521176459155654,1.0174140949394814
MSSM_RNA_PFC_328,0.015245675253871,0.52084742155132,0.021923821033486,0,0.44198308216132,0,0.013,0.20455332357666928,1.1218671039818007
MSSM_RNA_PFC_329,0.075117513614695,0.11021915412672,0,0,0.81466333225858,0,0.002,0.43441902505825447,1.039998964392004
MSSM_RNA_PFC_33,0.064714853024564,0.31125590675133,0,0.019193414193933,0.60483582603017,0,0.017,0.16001368671310667,1.1728560549408311
MSSM_RNA_PFC_330,0.19094268820064,0.22868521236808,0,0,0.58037209943129,0,0.003,0.3695428784516202,1.012636911309439
MSSM_RNA_PFC_331,0.14009267079165,0.31377210485246,0.0044388163409888,0,0.5416964080149,0,0.004,0.3495238652621359,1.0190671521606502
MSSM_RNA_PFC_336,0.29231539134201,0.24665320526174,0,0,0.46103140339625,0,0.027,0.13246738305335443,1.1541421642543856
MSSM_RNA_PFC_337,0.068472152158909,0.48325875377584,0.043608167787729,0,0.40466092627752,0,0.006,0.2571848843469504,1.0688821629793073
MSSM_RNA_PFC_338,0.044918689281953,0.7393142338388,0,0,0.21576707687924,0,0.039,0.1184456252774816,1.18924704711622
MSSM_RNA_PFC_339,0,0.81546436130404,0.074570455988171,0,0.10996518270779,0,0.006,0.27436994155633354,1.1071062407559396
MSSM_RNA_PFC_34,0.17266549157959,0.12938749002545,0,0,0.69794701839496,0,0.002,0.391196916730532,1.030963367205499
MSSM_RNA_PFC_341,0.048941338521747,0.38711081716918,0.34657431831022,0,0.21737352599886,0,0.087,0.08843079392989661,1.1470964414458438
MSSM_RNA_PFC_342,0.071556590896175,0.31705234070675,0.077360941483258,0,0.53403012691382,0,0.002,0.3827396023368793,0.9912266185606735
MSSM_RNA_PFC_343,0.19952965257634,0.13931495743408,0,0,0.66115538998958,0,0.004,0.3189687283780818,1.0766436315701151
MSSM_RNA_PFC_344,0.084206231033006,0.16840267360888,0.39081918749374,0,0.35657190786438,0,0.015,0.19280133500147217,1.0787062850516065
MSSM_RNA_PFC_345,0.025999534238333,0.74836651668964,0,0,0.22563394907203,0,0.006,0.2759780906675206,1.085921871727607
MSSM_RNA_PFC_346,0.066418437260838,0.52351078113935,0,0,0.41007078159981,0,0.007,0.2358187605183029,1.0909747511375165
MSSM_RNA_PFC_347,0.20615132487727,0.33250778368248,0.021050279278731,0,0.44029061216151,0,0.013,0.2006378396580135,1.0993089637274018
MSSM_RNA_PFC_348,0.0042781002271684,0.51293989634413,0.044071045818177,0,0.43871095761053,0,0.005,0.3004802254041866,1.0544379120923648
MSSM_RNA_PFC_350,0.086262256833356,0.53012322320243,0.068593237838231,0,0.31502128212598,0,0.009,0.22405001629198262,1.0826634966717597
MSSM_RNA_PFC_351,0.077193754453116,0.37834189296318,0.12736609532473,0,0.41709825725897,0,0.005,0.2952226775349822,1.0327392073082122
MSSM_RNA_PFC_352,0.041216901437391,0.16299147858714,0.095789951526903,0,0.70000166844856,0,0.002,0.40976414712638637,1.0131660273452272
MSSM_RNA_PFC_353,0.099842789523155,0.58730164071514,0.19410433299474,0,0.11875123676697,0,0.017,0.1637727224609251,1.125978913435413
MSSM_RNA_PFC_354,0.32795489055789,0.5353772090184,0,0,0.13666790042371,0,0.047,0.11133623211317031,1.165530943761716
MSSM_RNA_PFC_355,0.034156499354347,0.39143668708905,0.029270913246689,0,0.54513590030991,0,0.01,0.22010528353835163,1.1206203998171036
MSSM_RNA_PFC_356,0.15386309503169,0.37727277544595,0.0052909142877208,0,0.46357321523464,0,0.085,0.09054239727655371,1.175880910365126
MSSM_RNA_PFC_357,0.010565471913146,0.41009158831636,0.1422524854937,0,0.43709045427679,0,0.015,0.18904326226204493,1.1147637773338954
MSSM_RNA_PFC_358,0.082288837126828,0.52206826671861,0.19642431119933,0,0.19921858495523,0,0.015,0.17459747670931164,1.1064166905500483
MSSM_RNA_PFC_359,0.022869153504549,0.71286695497243,0.15156971734884,0,0.11269417417418,0,0.013,0.20200557574376365,1.133085762715845
MSSM_RNA_PFC_36,0,0.55002885289085,0.10272207789182,0,0.34724906921732,0,0.079,0.09352404277075971,1.1805178155274942
MSSM_RNA_PFC_360,0.15388912631809,0.36635385163814,0,0,0.47975702204377,0,0.072,0.09736240757378613,1.175573868391307
MSSM_RNA_PFC_361,0.052015656800665,0,0,0.18765101198194,0.76033333121739,0,0.015,0.17939863594016478,1.2191896445873553
MSSM_RNA_PFC_364,0.091756125207925,0.37840183967836,0.14075494083895,0,0.38908709427476,0,0.004,0.31136853506133927,1.0169315536643846
MSSM_RNA_PFC_365,0.097141469727062,0.59836439484707,0,0,0.30449413542586,0,0.025,0.1372032558908137,1.1491845360748796
MSSM_RNA_PFC_366,0.12642294933853,0.63640121091196,0.1069352690637,0,0.13024057068581,0,0.007,0.23681474844756797,1.0848642728479678
MSSM_RNA_PFC_367,0.16771102957497,0.52576205654321,0.042452518225449,0,0.26407439565638,0,0.015,0.18679846413511406,1.100534588970874
MSSM_RNA_PFC_368,0.31165137067859,0.2116271411902,0,0,0.4767214881312,0,0.01,0.21564366738885005,1.1067022565718516
MSSM_RNA_PFC_37,0.0014444967186349,0.38632923547051,0.1084888274883,0,0.50373744032255,0,0.015,0.18455721923226104,1.1331386523696272
MSSM_RNA_PFC_370,0.017008353435542,0.27914651112779,0,0,0.70384513543667,0,0.004,0.3264393565709617,1.0927041961296529
MSSM_RNA_PFC_371,0.10164043893933,0.63909443899008,0,0,0.2592651220706,0,0.023,0.1426025374149636,1.1493421188537178
MSSM_RNA_PFC_374,0.081028907019893,0.57047508020359,0.082141228812723,0,0.26635478396379,0,0.016,0.17058640502857234,1.118811081527652
MSSM_RNA_PFC_375,0.11663966457164,0.44502106555465,0.08005870959452,0,0.35828056027919,0,0.007,0.23443253095179103,1.0691032310301298
MSSM_RNA_PFC_376,0.078618933194611,0.51106416929239,0.05797219870537,0,0.35234469880763,0,0.016,0.16430600631658618,1.1231332072062552
MSSM_RNA_PFC_377,0.019402133477812,0.69972878978203,0.039984146999726,0,0.24088492974044,0,0.008,0.23279338988165807,1.107015198632224
MSSM_RNA_PFC_378,0.0009,0.36134725161252,0.093287621666874,0,0.54449574705342,0,0.002,0.38521914553360953,0.9991169676481363
MSSM_RNA_PFC_379,0.064375563954107,0.33929369682337,0.077766430718738,0,0.51856430850379,0,0.118,0.07417810222145686,1.1976232473145347
MSSM_RNA_PFC_38,0.0005,0.82664270860025,0.039929590998857,0,0.13289317822928,0,0.013,0.19987630557592298,1.1623530499121058
MSSM_RNA_PFC_380,0.17658177059141,0.59824712662275,0.047680393726543,0,0.1774907090593,0,0.018,0.15676299373800764,1.1285697436832915
MSSM_RNA_PFC_381,0.068347182450558,0.37198350849716,0.029665268755299,0,0.53000404029698,0,0.013,0.1989123332875168,1.1259942168827306
MSSM_RNA_PFC_382,0.079982989032001,0.73201247300168,0.016624356313435,0,0.17138018165289,0,0.009,0.22911680109491625,1.1101212739999873
MSSM_RNA_PFC_383,0.012935438184037,0.51475567816331,0,0,0.47230888365266,0,0.015,0.17562090941308467,1.1486953693738278
MSSM_RNA_PFC_384,0.093900547209405,0.679436336731,0,0,0.22666311605959,0,0.021,0.15107631891346412,1.1509050696324146
MSSM_RNA_PFC_386,0.36467244857517,0.26079789716686,0,0,0.37452965425797,0,0.043,0.11642585549767466,1.1600857713099235
MSSM_RNA_PFC_387,0.075541716132982,0.4461258193774,0.14709604685677,0,0.33123641763285,0,0.008,0.23014565413283924,1.0694059168158871
MSSM_RNA_PFC_388,0.2176138290584,0.40673783653309,0,0,0.37564833440851,0,0.017,0.1590704339925915,1.1208198896987251
MSSM_RNA_PFC_389,0,0.33234399365619,0.093735012693047,0.023022634732123,0.55089835891864,0,0.086,0.0901117898899202,1.2022694967231493
MSSM_RNA_PFC_39,0.09100252234139,0.31885433663491,0.076845099633188,0.0084065144530023,0.50489152693751,0,0.007,0.2366744236549362,1.0856625431745206
MSSM_RNA_PFC_390,0.25144466617767,0.42486111055785,0,0,0.32369422326448,0,0.013,0.20619798561731256,1.0888791996050513
MSSM_RNA_PFC_391,0.1125625289818,0.52432458921767,0,0,0.36311288180053,0,0.032,0.12746525701213646,1.150267401593553
MSSM_RNA_PFC_392,0.017692779262932,0.26933671839585,0.072507791801048,0,0.64046271054017,0,0.004,0.3436947551610054,1.0520161867789466
MSSM_RNA_PFC_394,0.067711255179546,0.4570070452217,0,0,0.47528169959875,0,0.006,0.26880836957702964,1.0738322536112999
MSSM_RNA_PFC_396,0.12499206859672,0.49158159268299,0.0064264306424512,0,0.37699990807784,0,0.008,0.23176246758465766,1.081290423005823
MSSM_RNA_PFC_397,0.071557940532258,0.39570079078296,0.004822877972304,0,0.52791839071248,0,0.013,0.20643124727149095,1.1235611765660887
MSSM_RNA_PFC_398,0.078753102849471,0.43663534799,0.031409088494502,0,0.45320246066602,0,0.031,0.1282658741268978,1.1565732464274026
MSSM_RNA_PFC_399,0.075073539657542,0.35283314332554,0,0,0.57209331701691,0,0.005,0.28975186717800494,1.0749845483463307
MSSM_RNA_PFC_4,0.018224167427246,0.40308728238127,0,0,0.57868855019148,0,0.005,0.30010863978139346,1.0774954469081723
MSSM_RNA_PFC_40,0.07711610511315,0.63359016833297,0.0049170540106155,0,0.28437667254326,0,0.015,0.19084827804368146,1.120373283537775
MSSM_RNA_PFC_41,0.18236099616822,0.20375131287864,0.01119315225925,0,0.60269453869389,0,0.014,0.19625462256685763,1.1431664450695735
MSSM_RNA_PFC_42,0.1154342985519,0.66887363261822,0,0,0.21569206882988,0,0.046,0.11278134624702404,1.171693455645047
MSSM_RNA_PFC_43,0.052609276976884,0.46931798866834,0.11848223500222,0,0.35959049935255,0,0.008,0.23218131101070416,1.0762785633995886
MSSM_RNA_PFC_44,0.16885820768257,0.49634123069248,0.0061437264506731,0,0.32865683517428,0,0.009,0.22188469653786427,1.0818590811426105
MSSM_RNA_PFC_45,0.10017002966853,0.33349046233778,0.073968627034704,0,0.49237088095899,0,0.01,0.21990628800999554,1.0951179128801984
MSSM_RNA_PFC_46,0.015254940957106,0.47835618133817,0,0,0.50638887770473,0,0.015,0.1837327083660142,1.14712161578226
MSSM_RNA_PFC_47,0.10208203376069,0,0,0,0.89791796623931,0,0.002,0.4151460072924967,1.1000985036052704
MSSM_RNA_PFC_48,0.17082278328263,0.5106254163683,0.0047987037936457,0,0.31375309655543,0,0.007,0.23836892514252325,1.0715143472206181
MSSM_RNA_PFC_5,0.038829913516051,0.39049061063235,0.0096878245251284,0,0.56099165132647,0,0.01,0.218852244159306,1.1268537085128003
MSSM_RNA_PFC_50,0.045070176436273,0.30070141604202,0.10439096500215,0,0.54983744251957,0,0.01,0.21996916587436752,1.111084834318431
MSSM_RNA_PFC_51,0.025149994317452,0.4149301713279,0.015554591560339,0,0.54436524279431,0,0.005,0.284645827042501,1.0785309154610365
MSSM_RNA_PFC_52,0.14137565096896,0.2519982598915,0,0,0.60662608913955,0,0.043,0.11595810821031852,1.1995885545624572
MSSM_RNA_PFC_53,0.044628746002401,0.63285615670239,0.061600445594737,0,0.26091465170047,0,0.025,0.13717422755248118,1.1544870295138039
MSSM_RNA_PFC_55,0.044292209766564,0.32752180222877,0,0,0.62818598800467,0,0.015,0.18557901549879358,1.1687495379887687
MSSM_RNA_PFC_56,0.070679275120387,0.57021528883155,0,0,0.35910543604806,0,0.044,0.114310551858529,1.1675304939316145
MSSM_RNA_PFC_57,0.058436838831858,0.08464750258904,0.040420136137779,0,0.81649552244132,0,0.005,0.289438129435646,1.1645125027210586
MSSM_RNA_PFC_58,0.027637591138065,0.5086636729096,0.2060309232519,0,0.25766781270044,0,0.015,0.17935222887553362,1.1083684581362911
MSSM_RNA_PFC_59,0.013912782274666,0.50789421533852,0.068285827692647,0,0.40990717469417,0,0.013,0.20512079758486082,1.111941172277829
MSSM_RNA_PFC_6,0.030683415907838,0.17694089883018,0.063525728339499,0,0.72884995692248,0,0.004,0.34902212758179,1.0766610448730791
MSSM_RNA_PFC_60,0.019338924088823,0.64912522915525,0,0,0.33153584675592,0,0.008,0.23169728739474638,1.1060844029889199
MSSM_RNA_PFC_61,0.070474600731545,0.53197393614312,0.11385286664478,0,0.28369859648055,0,0.007,0.24179037323686076,1.069119137615255
MSSM_RNA_PFC_62,0.030441299561038,0.44443695006255,0.028273156914733,0,0.49684859346168,0,0.062,0.10419237286143222,1.1890442225884785
MSSM_RNA_PFC_63,0.12200110076053,0.34806197868374,0,0,0.52993692055573,0,0.015,0.18492340624493916,1.1329657199951064
MSSM_RNA_PFC_64,0.14568067540409,0.25489397303199,0,0,0.59942535156393,0,0.007,0.2406715591588744,1.1122357347476854
MSSM_RNA_PFC_65,0.050720921710638,0.16041829173798,0,0,0.78886078655138,0,0.002,0.45635233581359885,1.0098705022187036
MSSM_RNA_PFC_66,0.063479629855942,0.20547847964314,0,0,0.73104189050092,0,0.002,0.4254180152271342,1.0150252562578965
MSSM_RNA_PFC_67,0.046160224060318,0.20773625635059,0,0,0.74610351958909,0,0.003,0.3644489515929761,1.074013666154199
MSSM_RNA_PFC_68,0.034898453888041,0.65582681183883,0.20818916041901,0,0.10108557385412,0,0.017,0.15976378536515595,1.1499688608519214
MSSM_RNA_PFC_69,0.090172908703676,0.34526700914927,0.027413560758744,0,0.53714652138831,0,0.002,0.3906827806424332,0.9884939942865111
MSSM_RNA_PFC_7,0.072186732330491,0.6634148385222,0.012340825284231,0,0.25205760386308,0,0.016,0.170464396242833,1.137269767722479
MSSM_RNA_PFC_79,0.012681742972583,0.23735197552515,0,0,0.74996628150227,0,0.004,0.312239859079479,1.1221358710079252
MSSM_RNA_PFC_8,0.039143419390104,0.51211131749504,0.040619619276241,0,0.40812564383862,0,0.005,0.30528387661403744,1.042256559371145
MSSM_RNA_PFC_80,0.028210921133884,0.76279515718751,0.051646608031216,0,0.15734731364739,0,0.245,0.043345554596705464,1.2450620190118153
MSSM_RNA_PFC_81,0.042809308489211,0.45359713669474,0.12567029506946,0,0.37792325974659,0,0.005,0.28808738157751435,1.0410097323185914
MSSM_RNA_PFC_82,0.259355657231,0.12338715755887,0,0,0.61725718521014,0,0.008,0.23054974107290824,1.131770313224968
MSSM_RNA_PFC_83,0.056765277293024,0.059010418552072,0,0,0.8842243041549,0,0.001,0.5142546745876206,0.9956714888582565
MSSM_RNA_PFC_84,0.081254771828146,0.40233857092205,0,0,0.5164066572498,0,0.004,0.32540872437270113,1.037550384598582
MSSM_RNA_PFC_86,0.026995338904087,0.086492280504616,0.038177934332867,0,0.84833444625843,0,0.002,0.3988013088317603,1.0883707510018377
MSSM_RNA_PFC_87,0.045856184257477,0.26148670842557,0,0,0.69265710731696,0,0.016,0.16498347638178087,1.2063967651394667
MSSM_RNA_PFC_89,0.47009758844547,0.31853652693153,0,0,0.211365884623,0,0.16,0.061978103252711254,1.210896443980398
MSSM_RNA_PFC_9,0.029542463357889,0.55432028896939,0.050285669091666,0,0.36585157858105,0,0.027,0.13059841107979264,1.157936154108682
MSSM_RNA_PFC_91,0.01651664076383,0.2432992961732,0.033926588504606,0,0.70625747455837,0,0.002,0.3728750354428214,1.052617497863207
MSSM_RNA_PFC_92,0.05090610542441,0.14204050287432,0.016034582500145,0,0.79101880920112,0,0.002,0.4350389328754763,1.0292079552897715
MSSM_RNA_PFC_95,0.042118928792824,0.67085724635144,0,0,0.28702382485573,0,0.112,0.07574066004364442,1.2050109684514012
MSSM_RNA_PFC_96,0.23993690681271,0.47807405775319,0,0,0.28198903543409,0,0.008,0.2316884924163787,1.0731623252639804
MSSM_RNA_PFC_97,0.024772017409492,0.3675996773127,0.015063835633447,0,0.59256446964436,0,0.005,0.29961041921442527,1.0778720450970487
MSSM_RNA_PFC_98,0.014931526441197,0.33682426977863,0.12819141173783,0,0.52005279204234,0,0.007,0.2513503582859056,1.0861391668518217
MSSM_RNA_PFC_99,0.074676112581139,0.62868487505986,0.025491973900762,0,0.27114703845824,0,0.01,0.21858300619583249,1.099852845781561
PENN_RNA_PFC_1,0.12918009100227,0.34245820007162,0.0030016110506814,0,0.52536009787543,0,0.096,0.08184145543082826,1.1969017848478474
PENN_RNA_PFC_10,0.098354508181177,0.24543376447152,0,0,0.65621172734731,0,0.003,0.35853002083424623,1.0436858190183385
PENN_RNA_PFC_100,0.11936255411957,0.46231260801771,0.01072239783849,0,0.40760244002424,0,0.005,0.2945665083973296,1.041036955180621
PENN_RNA_PFC_101,0.10473583369657,0.25573621226382,0,0,0.63952795403961,0,0.004,0.3215799805521947,1.0668845877814124
PENN_RNA_PFC_103,0,0.42332720861288,0,0,0.57667279138712,0,0.002,0.42917355471813917,0.9793720141221204
PENN_RNA_PFC_104,0.033553138621389,0.18478260371155,0,0,0.78166425766706,0,0.005,0.2965662636424621,1.1461715746532746
PENN_RNA_PFC_105,0.030829509490584,0.52776289171239,0,0,0.44140759879703,0,0.009,0.2220883853693512,1.1100319708003685
PENN_RNA_PFC_106,0.054399983467317,0.59476948016646,0.0097251020833678,0,0.34110543428285,0,0.013,0.20249081312711195,1.1135568684162527
PENN_RNA_PFC_107,0.037421994370228,0.62273063327054,0.047351574212368,0,0.29249579814686,0,0.018,0.15558321219320828,1.1442617065493828
PENN_RNA_PFC_108,0.027519681164157,0.52219412002061,0.11173570764888,0,0.33855049116635,0,0.01,0.21634969649603403,1.093365235062675
PENN_RNA_PFC_109,0.025550018863458,0.42974082011468,0.004861988376041,0,0.53984717264582,0,0.006,0.27951536455869985,1.082843798069926
PENN_RNA_PFC_11,0.090421561936573,0.42566645523402,0.082390489322575,0,0.40152149350683,0,0.013,0.2047383071495076,1.0935596051665912
PENN_RNA_PFC_12,0.14422979435546,0.49132066422332,0.0087253998484835,0,0.35572414157274,0,0.006,0.27489625406179696,1.0496539827347333
PENN_RNA_PFC_14,0.20031128635641,0.0098411181871777,0,0,0.78984759545641,0,0.021,0.15148785698018985,1.2651248304935758
PENN_RNA_PFC_16,0.063433092970293,0.55800481331233,0.053212045403339,0,0.32535004831404,0,0.005,0.3024568642950206,1.0371558875637497
PENN_RNA_PFC_17,0.020785161379523,0.059394729826989,0,0,0.91982010879349,0,0.002,0.4195947388869442,1.1089399238457696
PENN_RNA_PFC_18,0.04122578274359,0.35524231104263,0.1087529267826,0,0.49477897943118,0,0.013,0.20584108491093311,1.1093011924550091
PENN_RNA_PFC_19,0.015363103323814,0.45720763425131,0,0,0.52742926242488,0,0.004,0.34415558663225865,1.0358097418704675
PENN_RNA_PFC_2,0.030041179002233,0.36514604839313,0.02314469810586,0,0.58166807449878,0,0.008,0.23218237130363142,1.122125988290616
PENN_RNA_PFC_20,0.047545510985331,0.16691816574141,0,0,0.78553632327326,0,0.002,0.4104716663926519,1.0502327306583894
PENN_RNA_PFC_21,0.044931402197653,0.38440877402892,0,0,0.57065982377343,0,0.002,0.39163102893151575,1.001646319733772
PENN_RNA_PFC_22,0,0.37393237822175,0.020884957370343,0,0.60518266440791,0,0.009,0.22354439294845393,1.1404391533654856
PENN_RNA_PFC_23,0.017209162589343,0.36308017374867,0.014399599216194,0,0.60531106444579,0,0.002,0.4029759922614339,1.0018905386218797
PENN_RNA_PFC_24,0.050773335681921,0.48600239890985,0,0,0.46322426540823,0,0.006,0.273214803528713,1.0724675950782776
PENN_RNA_PFC_25,0.059218091571265,0.53489597226938,0,0,0.40588593615935,0,0.009,0.22536766323156254,1.0992926238210061
PENN_RNA_PFC_26,0.053424495916239,0.60600200351624,0.026503452054787,0,0.31407004851273,0,0.009,0.2236114003090264,1.0978885715195705
PENN_RNA_PFC_27,0.021121041455824,0.58821361417826,0.012210315050989,0,0.37845502931492,0,0.047,0.11183712109086505,1.180234049627123
PENN_RNA_PFC_28,0.020943957797633,0.38087041329992,0,0,0.59818562890245,0,0.003,0.3724821731086419,1.025788694148199
PENN_RNA_PFC_3,0.01890750073179,0.30941037582867,0.038124832114844,0,0.6335572913247,0,0.005,0.30044813800997094,1.086255389871277
PENN_RNA_PFC_31,0.12238215188181,0.40872638555963,0,0,0.46889146255856,0,0.006,0.27095239613414485,1.0642641436899503
PENN_RNA_PFC_32,0.026264438458428,0.38488106505024,0.060569029001912,0,0.52828546748941,0,0.006,0.27338790706774724,1.0775913380183242
PENN_RNA_PFC_33,0.052404066315059,0.65432853396819,0.023103799275572,0,0.27016360044117,0,0.013,0.2063217401138852,1.1144233974953188
PENN_RNA_PFC_34,0.069070692320241,0.52104240460715,0,0,0.40988690307261,0,0.007,0.23947529407962811,1.0879805091641683
PENN_RNA_PFC_35,0.1431563459035,0.24974033203198,0,0,0.60710332206451,0,0.016,0.1644755331629666,1.1673635526365809
PENN_RNA_PFC_37,0.04959278227063,0.61735063863574,0.129317098285,0,0.20373948080863,0,0.035,0.12583814575624347,1.1556745634002232
PENN_RNA_PFC_38,0.21047994640082,0.28617532890192,0,0,0.50334472469726,0,0.157,0.06310090847823265,1.2007334433639871
PENN_RNA_PFC_39,0.18293846241124,0.48247454260324,0.014062620833925,0,0.3205243741516,0,0.032,0.12731819699346497,1.1378285919864715
PENN_RNA_PFC_4,0.044066162886298,0.50859099133221,0.0005,0,0.44687896111403,0,0.004,0.343494789689223,1.0220759301931606
PENN_RNA_PFC_40,0.011638492805919,0.35306518433612,0,0,0.63529632285796,0,0.002,0.41695015050652195,0.9995606756953634
PENN_RNA_PFC_41,0.084973188195258,0.28851414122054,0,0,0.6265126705842,0,0.016,0.1699511091590746,1.1738835357900137
PENN_RNA_PFC_42,0.055105176509385,0.38523086882738,0.0017108111931465,0,0.55795314347009,0,0.003,0.35981567631626976,1.0223273773252854
PENN_RNA_PFC_43,0.076037069688766,0.40469069041927,0.054111276393516,0,0.46516096349845,0,0.004,0.3247313494985472,1.0251524275268171
PENN_RNA_PFC_44,0.033125134173646,0.66216653520189,0.088382783920143,0,0.21632554670432,0,0.021,0.1499053247710487,1.1516390697659036
PENN_RNA_PFC_45,0.014267927098606,0.51325493618201,0.033731871383961,0,0.43874526533543,0,0.006,0.27043713209847253,1.0748228076475752
PENN_RNA_PFC_46,0.068702409675919,0.3106273612968,0.0091166841369868,0,0.61155354489029,0,0.005,0.2950056017905067,1.0807284842576597
PENN_RNA_PFC_47,0.02389235005552,0.34967577796114,0.13069229318586,0,0.49573957879748,0,0.003,0.3712934013366395,0.9954415862685989
PENN_RNA_PFC_48,0,0.60290043570899,0.11073570504298,0,0.28636385924803,0,0.008,0.23094572627073648,1.0948234027104953
PENN_RNA_PFC_49,0.054050104765163,0.26031176920538,0.072961799355708,0,0.61267632667375,0,0.005,0.29359746598067665,1.077385631281374
PENN_RNA_PFC_5,0.12105829100288,0.26393922379816,0,0,0.61500248519896,0,0.094,0.08277040825450774,1.2252032440474494
PENN_RNA_PFC_50,0.10117353119246,0.57323234613358,0.050355091553525,0,0.27523903112043,0,0.011,0.2101780032552466,1.0942506748290257
PENN_RNA_PFC_51,0.049596816611372,0.54609922106509,0.011404952834267,0,0.39289900948927,0,0.009,0.22289121648248705,1.100585028605897
PENN_RNA_PFC_52,0.19711861841294,0.51136806335556,0,0,0.29151331823149,0,0.007,0.2470755827004235,1.065068845813583
PENN_RNA_PFC_53,0.095555863617198,0.51164274288933,0.029962188409723,0,0.36283920508375,0,0.021,0.1500464581050516,1.1336870527049643
PENN_RNA_PFC_54,0.23957948347302,0.6699771255371,0.0023355595564111,0,0.088107831433475,0,0.006,0.25631176448137166,1.0849610066442874
PENN_RNA_PFC_55,0.048643157296319,0.43327894442869,0.057577828663426,0,0.46050006961157,0,0.006,0.25796925552850397,1.0745956296809431
PENN_RNA_PFC_56,0.027396048080323,0.67506345655669,0.0007,0,0.29682284040991,0,0.009,0.22193344653658736,1.1130816705787583
PENN_RNA_PFC_58,0.14246762305549,0.50315400853896,0,0,0.35437836840556,0,0.016,0.17390324742029675,1.116491879511213
PENN_RNA_PFC_59,0.015401554616869,0.63278503926024,0.070367473111918,0,0.28144593301098,0,0.007,0.2485174700919293,1.0860068425962839
PENN_RNA_PFC_6,0.087823434634587,0.4767477041889,0,0,0.43542886117652,0,0.087,0.08595346671615735,1.1847055603604837
PENN_RNA_PFC_61,0.032564833574093,0.23291457993257,0,0,0.73452058649334,0,0.015,0.17793138982101722,1.2165058524820551
PENN_RNA_PFC_62,0.038191036939389,0.51079577235114,0,0,0.45101319070947,0,0.007,0.2529977663871781,1.0879434873756777
PENN_RNA_PFC_63,0.078109921808756,0.66549816706012,0,0,0.25639191113112,0,0.013,0.20218596355199592,1.117047851862476
PENN_RNA_PFC_64,0.088996159970273,0.1735618380669,0.060824575635034,0,0.6766174263278,0,0.015,0.18828175584655515,1.1735650494390837
PENN_RNA_PFC_65,0.01634294649239,0.33785175672133,0.088339163978617,0,0.55746613280766,0,0.006,0.2831625983888266,1.0750919021715404
PENN_RNA_PFC_66,0.053635626328489,0.29183752099042,0,0,0.6545268526811,0,0.004,0.3164740785678762,1.0797060994207794
PENN_RNA_PFC_67,0.026996770208847,0.43575469242598,0.071180248962769,0,0.46606828840241,0,0.005,0.2841743314733224,1.0595603923200954
PENN_RNA_PFC_68,0.027621169979441,0.40109426333039,0.076485990825502,0,0.49479857586467,0,0.007,0.2402286950382692,1.092721313787728
PENN_RNA_PFC_69,0.068345461245661,0.36154001529236,0,0,0.57011452346198,0,0.007,0.2537260898974212,1.101200308056427
PENN_RNA_PFC_7,0.08670508597682,0.54323049498355,0.0019413182232506,0,0.36812310081638,0,0.022,0.14660114255796716,1.1431373021891484
PENN_RNA_PFC_70,0.15774189557403,0.16890425014153,0,0,0.66556435623761,0.0077894980468243,0.006,0.26035426239426745,1.120342166188972
PENN_RNA_PFC_71,0.36813178846145,0.15137850852372,0,0,0.48048970301483,0,0.073,0.09665534252706133,1.1965106851502914
PENN_RNA_PFC_73,0.076166744228444,0.30803113440755,0.098553483447663,0,0.51724863791634,0,0.005,0.28858408320515716,1.0536583776386845
PENN_RNA_PFC_74,0.05606479241607,0.52146573887866,0,0,0.42246946870527,0,0.004,0.3111378655989548,1.0416861745387551
PENN_RNA_PFC_76,0.078590275844465,0.53885012580616,0.012972069468956,0,0.36958752888042,0,0.03,0.12889899966443136,1.1538014946115607
PENN_RNA_PFC_77,0.024369491938411,0.20236300206611,0.03450994020767,0,0.73875756578781,0,0.004,0.34826947175933537,1.0838415981961016
PENN_RNA_PFC_78,0.049384469641732,0.39099283222133,0,0,0.55962269813694,0,0.006,0.28330103665717066,1.0804579572274455
PENN_RNA_PFC_79,0.080213984436017,0.44664311952689,0.0087908419359637,0,0.46435205410113,0,0.007,0.2540529825125475,1.0793046027406044
PENN_RNA_PFC_8,0.050614627382508,0.5803002778439,0.06150020579817,0,0.30758488897542,0,0.015,0.18972772249586153,1.1145235388741581
PENN_RNA_PFC_80,0.061619334920689,0.43772550572794,0.014831710023578,0,0.48582344932779,0,0.009,0.22881256940563682,1.1013756952898437
PENN_RNA_PFC_81,0.031315655089426,0.39218650990568,0,0,0.57649783500489,0,0.002,0.44621868490098465,0.9604707297931874
PENN_RNA_PFC_83,0.10330278895693,0.36680221839394,0,0,0.52989499264913,0,0.015,0.19124488194345618,1.1306338747059599
PENN_RNA_PFC_85,0.082606944480028,0.59582962960392,0.061784907427723,0,0.25977851848833,0,0.006,0.2634366672547017,1.0626796529600546
PENN_RNA_PFC_86,0.0095380701245245,0.62609313702021,0.026972560255418,0,0.33739623259985,0,0.009,0.22778692568467035,1.1057915057110295
PENN_RNA_PFC_87,0,0.36338609017844,0.084081437105527,0,0.55253247271603,0,0.003,0.3687104313593831,1.014170435258099
PENN_RNA_PFC_88,0.066984750106649,0.57998090702939,0.0900884781161,0,0.26294586474786,0,0.015,0.17736248273928126,1.1168896646478168
PENN_RNA_PFC_9,0.025412242198157,0.46313925684965,0.0067758773062094,0.0013623503150135,0.50331027333097,0,0.015,0.1804550564778244,1.144927985305306
PENN_RNA_PFC_90,0.015926524813185,0.47048248549874,0.13948306525314,0,0.37410792443493,0,0.032,0.1280038723149395,1.1480849826293562
PENN_RNA_PFC_91,0.047459464504437,0.44219474492719,0,0,0.51034579056837,0,0.094,0.08327498090693959,1.2058718456553377
PENN_RNA_PFC_92,0.043267241183753,0.36323321604353,0.059200658617005,0,0.53429888415572,0,0.015,0.18359922808575108,1.1373243792672163
PENN_RNA_PFC_94,0.018183800645894,0.39644532281373,0.047623394687358,0,0.53774748185302,0,0.007,0.23786158351812964,1.1074466659353155
PENN_RNA_PFC_95,0.025124367178967,0.51756162310982,0,0,0.45731400971121,0,0.006,0.25926190668360566,1.087068866131068
PENN_RNA_PFC_96,0.0042979787307252,0.50666055362862,0.013522689223789,0,0.47551877841687,0,0.011,0.20975142398908336,1.1258119300960838
PENN_RNA_PFC_97,0.19726450730573,0.50204367648901,0.0074842599338429,0,0.29320755627142,0,0.007,0.23949990214528888,1.0686507805850027
PENN_RNA_PFC_98,0.065930347037438,0.27399830056209,0,0,0.66007135240048,0,0.005,0.3022827326606447,1.091057932051083
PENN_RNA_PFC_99,0.041411690860145,0.30732781885837,0,0,0.65126049028149,0,0.001,0.47922593946028763,0.9463364983999557
PITT_RNA_BP_PFC_10003,0.074144967866461,0.47727936329446,0.15300817689379,0,0.2955674919453,0,0.013,0.20590841406161786,1.0849881059589364
PITT_RNA_BP_PFC_10004,0.039680240322576,0.37259882142689,0.27631669057962,0,0.31140424767091,0,0.005,0.2958269773311172,1.0224249484091976
PITT_RNA_BP_PFC_10006,0.04421578381574,0.60062845740146,0.1576836780405,0,0.1974720807423,0,0.007,0.23899473787023265,1.0808627355080547
PITT_RNA_BP_PFC_10014,0.057059279587341,0.31784389785121,0.44708907395027,0,0.17800774861117,0,0.01,0.21533170984499242,1.0708904013399496
PITT_RNA_BP_PFC_10019,0.065470792741494,0.39643385087622,0.12201350698342,0,0.41608184939886,0,0.007,0.2401675982852085,1.0711214521087131
PITT_RNA_BP_PFC_1020,0.040956181521646,0.69168845068173,0.028100743305752,0,0.23925462449088,0,0.015,0.19070879955761572,1.1315626425250418
PITT_RNA_BP_PFC_1031,0.059166587045344,0.48405442603633,0.079454450869097,0,0.37732453604922,0,0.006,0.25880935868837884,1.063271342257198
PITT_RNA_BP_PFC_1044,0.090367764198581,0.56080602031664,0.23782609254113,0,0.11100012294365,0,0.01,0.21838521483732343,1.0890696876675796
PITT_RNA_BP_PFC_1047,0.1218533169182,0.28378406548396,0.092890341091994,0,0.50147227650585,0,0.005,0.29500979457306864,1.042867680092666
PITT_RNA_BP_PFC_1048,0.038149924869346,0.43879037672996,0.26524528147696,0,0.25781441692373,0,0.015,0.17460093080231018,1.1017570175086748
PITT_RNA_BP_PFC_1069,0.1423223099628,0.42667556120433,0.1721429773625,0,0.25885915147037,0,0.006,0.27526957378725686,1.0309806992498534
PITT_RNA_BP_PFC_1081,0.04215680515617,0.54181097986405,0.086791501725432,0,0.32924071325435,0,0.006,0.2650374570609307,1.0618113500794073
PITT_RNA_BP_PFC_1086,0.15358238420597,0.48254785686276,0.078237417623735,0,0.28563234130754,0,0.009,0.22736751363657395,1.069856142326058
PITT_RNA_BP_PFC_1092,0.06918352443282,0.43394862098338,0.21913418135073,0,0.27773367323307,0,0.013,0.19935685903681857,1.0831477814206945
PITT_RNA_BP_PFC_1102,0.066717280616013,0.44773129707008,0.095204695425935,0,0.39034672688797,0,0.007,0.24301379467190998,1.0705842220869553
PITT_RNA_BP_PFC_1121,0.031319383657327,0.4039029794795,0.16406633064214,0,0.40071130622103,0,0.006,0.27946466329981234,1.0458828269456188
PITT_RNA_BP_PFC_1130,0.11529136505078,0.57667971284179,0.038195448219844,0,0.26983347388759,0,0.016,0.1711054564628356,1.1190157373724614
PITT_RNA_BP_PFC_1153,0.080982814745567,0.35358890020907,0.24241988261486,0,0.3230084024305,0,0.015,0.18450398503703705,1.08702476218079
PITT_RNA_BP_PFC_1180,0.093257974220012,0.52258246610357,0.24152379337523,0,0.14263576630119,0,0.013,0.2002920775292647,1.0924366982092757
PITT_RNA_BP_PFC_1181,0.047405551100376,0.53052647267249,0.10832604162352,0,0.31374193460362,0,0.004,0.32741485007486626,1.0158222893450677
PITT_RNA_BP_PFC_1196,0.022900023612105,0.52108912554823,0.31498184044566,0,0.14102901039401,0,0.014,0.1977453544509965,1.1038831765677057
PITT_RNA_BP_PFC_1207,0.026659889122654,0.35408249122964,0.26550912256216,0,0.35374849708555,0,0.011,0.21109343260246521,1.0798671833265647
PITT_RNA_BP_PFC_1244,0.060064274455593,0.43150851772561,0.24639078164937,0,0.26203642616943,0,0.015,0.1830807072445078,1.0931306993779473
PITT_RNA_BP_PFC_1247,0.092210363680676,0.39687841485471,0.26194931191323,0,0.24896190955138,0,0.007,0.23683336159186083,1.0539935830056828
PITT_RNA_BP_PFC_1282,0.095710365152128,0.27219799360182,0.25732607283601,0,0.37476556841004,0,0.013,0.20611453445306255,1.0737693122171015
PITT_RNA_BP_PFC_1293,0.20054674498962,0.56429636005417,0.039309617729517,0,0.1958472772267,0,0.013,0.20306744609315847,1.094929148201066
PITT_RNA_BP_PFC_1298,0.040643546541777,0.46758168009069,0.22757694342745,0,0.26419782994008,0,0.011,0.20989763383166538,1.0828111227372341
PITT_RNA_BP_PFC_1324,0.14106298728807,0.38072265176126,0.094672048065765,0,0.38354231288491,0,0.007,0.25246283354386007,1.0544077308451059
PITT_RNA_BP_PFC_1328,0.095888004367429,0.55156911936636,0.040000567264477,0,0.31254230900174,0,0.012,0.20864718884166378,1.0956558446320985
PITT_RNA_BP_PFC_1374,0.09485571499362,0.49983486763543,0.14192067707015,0,0.26338874030081,0,0.007,0.23787560246639122,1.0644184314363943
PITT_RNA_BP_PFC_1391,0.015875765649164,0.2776970651099,0.30941118135099,0,0.39701598788995,0,0.005,0.28578479050282907,1.0346764480326913
PITT_RNA_BP_PFC_1394,0.086703680781652,0.4768676312709,0.15310514122175,0,0.28332354672571,0,0.006,0.26502490568717896,1.045880494518877
PITT_RNA_BP_PFC_1403,0.091308870618763,0.4354537791472,0.099194023012407,0,0.37404332722163,0,0.007,0.2543969967886506,1.0579364407516518
PITT_RNA_BP_PFC_1429,0.016934455171328,0.46527444346058,0.21151907266176,0,0.30627202870634,0,0.007,0.24261173717459208,1.0670563584496102
PITT_RNA_BP_PFC_1444,0.031736603878095,0.54797841707064,0.19834555918914,0,0.22193941986213,0,0.006,0.2569990206796094,1.0627634889358855
PITT_RNA_BP_PFC_1449,0.10708808958856,0.49835201238801,0.21012717417232,0,0.18443272385112,0,0.015,0.18346650071884152,1.0963191657158151
PITT_RNA_BP_PFC_1461,0.054319001100598,0.50020439690479,0.10505491702061,0,0.340421684974,0,0.007,0.23565269883000425,1.0755113725015535
PITT_RNA_BP_PFC_1473,0.17763103905371,0.35509964218316,0.10251226310914,0,0.36475705565399,0,0.015,0.18180591327320592,1.093631726644264
PITT_RNA_BP_PFC_1482,0.088599193755665,0.38943214561706,0.20054895435057,0,0.32141970627671,0,0.006,0.2728821673716358,1.0349152966518531
PITT_RNA_BP_PFC_1483,0.0034475047942029,0.49289174921647,0.13028973967783,0,0.3733710063115,0,0.006,0.262972457803718,1.0658872832068835
PITT_RNA_BP_PFC_1489,0,0.4425966384453,0.24167685889383,0,0.31572650266086,0,0.007,0.23945890799476027,1.0699243196747397
PITT_RNA_BP_PFC_1537,0.084204730602114,0.42635033852466,0.10343942586024,0,0.38600550501299,0,0.006,0.2826949673428991,1.0405164366557391
PITT_RNA_BP_PFC_1565,0.021068328820657,0.36896355258393,0.31138304943542,0,0.29858506915999,0,0.017,0.16162888467911274,1.1077990091226908
PITT_RNA_BP_PFC_1573,0.057205649586846,0.36790437307465,0.18904150056782,0,0.38584847677068,0,0.006,0.25827893511668465,1.0519762519792362
PITT_RNA_BP_PFC_1584,0,0.39330606863033,0.18516763528891,0,0.42152629608076,0,0.005,0.2987195272290712,1.038613788134074
PITT_RNA_BP_PFC_1589,0,0.70521806637662,0.18541169649687,0,0.10937023712651,0,0.008,0.2296812056728595,1.1167219221581468
PITT_RNA_BP_PFC_1598,0.11657256591947,0.34679659925389,0.27627290622897,0,0.26035792859767,0,0.008,0.23191053360043856,1.0521464592190932
PITT_RNA_BP_PFC_1603,0.065353317092875,0.49805169759601,0.16519853389864,0,0.27139645141248,0,0.013,0.207565580022369,1.0856633907663569
PITT_RNA_BP_PFC_1605,0.10907710303969,0.29712536885774,0.41915745057633,0,0.17464007752624,0,0.011,0.21137385343935455,1.066037311076939
PITT_RNA_BP_PFC_1632,0.13468336580662,0.54182820008459,0.081158925797633,0,0.24232950831116,0,0.007,0.24318681048083182,1.065034028636144
PITT_RNA_BP_PFC_1637,0.064064681914785,0.23683694552024,0.4119035062731,0,0.28719486629188,0,0.012,0.2093907639748277,1.0677051464424663
PITT_RNA_BP_PFC_1694,0.097281099656078,0.50387435948903,0.11452198957313,0,0.28432255128177,0,0.006,0.26585155010699646,1.0483526154415406
PITT_RNA_BP_PFC_1695,0.11090388729715,0.57509174895098,0.055702535251437,0,0.25830182850043,0,0.007,0.24841357748481593,1.0682092657955244
PITT_RNA_BP_PFC_1770,0.12194716541674,0.29793864654395,0.17172140666883,0,0.40839278137048,0,0.013,0.19892060708150885,1.0844668660691956
PITT_RNA_BP_PFC_1783,0.12901264310336,0.38474626562377,0.20617367982887,0,0.280067411444,0,0.007,0.23909460683839648,1.0508824597135837
PITT_RNA_BP_PFC_1789,0.12329922122706,0.33972557208035,0.16137950293619,0,0.3755957037564,0,0.009,0.22281490608339344,1.0674297012526852
PITT_RNA_BP_PFC_686,0.046852334023292,0.60486945506203,0.050633876767889,0,0.29764433414678,0,0.01,0.22035459078659214,1.0983113098225878
PITT_RNA_BP_PFC_697,0.071051262450563,0.34219331028474,0.35751949605402,0,0.22923593121068,0,0.015,0.18386455405220736,1.084960771635204
PITT_RNA_BP_PFC_716,0.064475688983432,0.58728324210116,0.19524728420084,0,0.15299378471457,0,0.013,0.20775507763570525,1.0986550997540416
PITT_RNA_BP_PFC_789,0,0.62898381195688,0.15166686873018,0,0.21934931931294,0,0.005,0.28881269594330117,1.057011824227141
PITT_RNA_BP_PFC_795,0.040587795056423,0.72883085287205,0.14052605892826,0,0.090055293143265,0,0.01,0.2169875771449706,1.1258690769118767
PITT_RNA_BP_PFC_838,0.14895951945799,0.37113262348882,0.1995673243476,0,0.28034053270559,0,0.009,0.2222268705889115,1.0596886973695276
PITT_RNA_BP_PFC_840,0.13438908252033,0.19975294595379,0.26458267115052,0,0.40127530037535,0,0.004,0.3249962094824416,0.9990699972119971
PITT_RNA_BP_PFC_841,0.12678730158193,0.36299264585523,0.10970931836998,0,0.40051073419286,0,0.007,0.25238629923382977,1.0554203783225344
PITT_RNA_BP_PFC_849,0.023961790909675,0.45088323392857,0.10604072583805,0,0.4191142493237,0,0.006,0.28239998989371096,1.052921394702243
PITT_RNA_BP_PFC_886,0.17963097682173,0.22084390027445,0.27772731972344,0,0.32179780318039,0,0.007,0.23918687566851957,1.0443893930553572
PITT_RNA_BP_PFC_945,0.061808501456514,0.64848017543878,0.19769091979806,0,0.092020403306648,0,0.015,0.19329870691280066,1.1239851389543274
PITT_RNA_BP_PFC_957,0.12227231791259,0.36679675900752,0.12999464622077,0,0.38093627685911,0,0.015,0.1916744038899888,1.0901450765402758
PITT_RNA_BP_PFC_982,0.099926812936738,0.50303745764863,0.12887478813851,0,0.26816094127613,0,0.01,0.2141546787533466,1.0798597395837615
PITT_RNA_BP_PFC_984,0.010272255197627,0.58082373914462,0.07153978870959,0,0.33736421694817,0,0.01,0.2147259166962987,1.1058846238113111
PITT_RNA_PFC_10003,0.061105434733412,0.40021420380611,0.10121519421595,0,0.43746516724452,0,0.007,0.2338672474066207,1.080386229870576
PITT_RNA_PFC_10005,0.16298314720061,0.17381040727588,0.19356600427706,0,0.46964044124645,0,0.009,0.22708707210801293,1.0739643830094125
PITT_RNA_PFC_10020,0.070444515483201,0.80397290257422,0.0085684578841695,0,0.11701412405841,0,0.007,0.24308936625110297,1.1192981629900387
PITT_RNA_PFC_10023,0.014724804541094,0.73858937658767,0.12614633320409,0,0.12053948566715,0,0.015,0.19146669011542922,1.1461160583999208
PITT_RNA_PFC_10024,0.014709082477572,0.5433852506499,0.1927095950565,0,0.24919607181603,0,0.008,0.23236691621443933,1.0808629743780327
PITT_RNA_PFC_10025,0.20219428739006,0.39632824293723,0.051041768908692,0,0.35043570076401,0,0.013,0.20536972210457746,1.0836905298600579
PITT_RNA_PFC_10026,0.081978317471309,0.34033023012495,0.14829483850302,0,0.42939661390072,0,0.01,0.21597552420863067,1.0827706926556693
PITT_RNA_PFC_1026,0.057981295816104,0.66942832287406,0.032221964733462,0,0.24036841657637,0,0.009,0.2219367609159808,1.104577595903819
PITT_RNA_PFC_1047,0.10624734363292,0.32278241694939,0.22812120103164,0.0034711746132802,0.33937786377277,0,0.015,0.19422467329146453,1.0785718548465535
PITT_RNA_PFC_1086,0.1525401606223,0.48670998496094,0,0,0.36074985441677,0,0.013,0.2075940949832524,1.0940498572721606
PITT_RNA_PFC_1088,0.064996777010851,0.58216452291666,0.23873637938206,0,0.11410232069043,0,0.015,0.18696169917454208,1.1146907295997857
PITT_RNA_PFC_1092,0.10179088693596,0.5145774754715,0.18247754682881,0,0.20115409076372,0,0.013,0.20609274718310283,1.0844504743887693
PITT_RNA_PFC_1099,0.14422790192914,0.45207970776122,0.1884017442879,0,0.21529064602174,0,0.012,0.20944183519599066,1.0731173664805478
PITT_RNA_PFC_1105,0.032068836335363,0.52195436931732,0.069979641921085,0,0.37599715242623,0,0.01,0.2126345368634433,1.1010689341800768
PITT_RNA_PFC_1122,0.11801632604307,0.094451405794074,0.42472104230664,0,0.36281122585622,0,0.009,0.22828513385981772,1.056751867837711
PITT_RNA_PFC_1173,0.13072384509087,0.70934982766542,0.08458386126777,0,0.07534246597594,0,0.007,0.23565267974674703,1.1036516506907212
PITT_RNA_PFC_1178,0.018324338996321,0.56398946734491,0.10247934670763,0,0.31520684695114,0,0.007,0.2521397619645711,1.0745352184828956
PITT_RNA_PFC_1188,0.064936693461476,0.44276946264456,0.20065137390199,0,0.29164246999197,0,0.013,0.2054520312653148,1.0815636615650857
PITT_RNA_PFC_1189,0.067778425554003,0.50444150842435,0.12146130759234,0,0.3063187584293,0,0.006,0.2695907992679173,1.0492807210756803
PITT_RNA_PFC_1191,0.064410803643764,0.45631075618228,0.17788825151613,0,0.30139018865782,0,0.013,0.20685015886370106,1.083025472686727
PITT_RNA_PFC_1201,0.070697333416701,0.70793068342045,0.04871328649946,0,0.17265869666339,0,0.005,0.2852245250922305,1.0663725147296406
PITT_RNA_PFC_1209,0.095299435872214,0.34562637987016,0.15924241553719,0,0.39983176872043,0,0.01,0.2159974559245855,1.0769183514130372
PITT_RNA_PFC_1211,0.12292176491839,0.50781240361639,0.17256057418637,0,0.19670525727885,0,0.009,0.22228081923347773,1.0725019252342212
PITT_RNA_PFC_1222,0.029651011888888,0.79637043347637,0.054680541196925,0,0.11929801343782,0,0.006,0.2818726748615472,1.0927757214144764
PITT_RNA_PFC_1230,0.10710032532224,0.66360929583528,0.046892658738683,0.023396696239013,0.15900102386478,0,0.164,0.06037084628534293,1.199586288733141
PITT_RNA_PFC_1240,0.11224966089821,0.48140165368925,0.26687940452965,0,0.13946928088289,0,0.015,0.17935625013394085,1.099299440558238
PITT_RNA_PFC_1247,0.096949517785772,0.52949011851602,0.1483572034959,0,0.22520316020231,0,0.007,0.24573793558881238,1.0618439362336454
PITT_RNA_PFC_1256,0.20809792834619,0.27481056191875,0.20287691944841,0,0.31421459028665,0,0.013,0.20330813759627672,1.0684838335852282
PITT_RNA_PFC_1263,0.096914047989072,0.40392958660904,0.16769440826395,0,0.33146195713793,0,0.015,0.19307358855353585,1.0864456627046903
PITT_RNA_PFC_1268,0.055526560915025,0.51342009258533,0.10897216729926,0,0.32208117920039,0,0.007,0.2467157454235876,1.0678906701539184
PITT_RNA_PFC_1270,0.13580988123647,0.48672776153091,0.04949729555672,0,0.3279650616759,0,0.015,0.18196575222369918,1.1036974702711555
PITT_RNA_PFC_1282,0.038042612643684,0.51621545152201,0.22524651375752,0,0.22049542207679,0,0.011,0.2102545212339649,1.088109651171283
PITT_RNA_PFC_1284,0.16591530470586,0.39454687901597,0.06939550962158,0,0.37014230665659,0,0.006,0.2810160596971301,1.0362299810157014
PITT_RNA_PFC_1307,0.049495963322275,0.38323424355349,0.082617062629953,0,0.48465273049429,0,0.004,0.314143370044908,1.0356306544306408
PITT_RNA_PFC_1314,0.02900054522927,0.65458458728718,0.054312651284108,0,0.26210221619944,0,0.006,0.27050724851608304,1.0721696751316814
PITT_RNA_PFC_1324,0.13247557809032,0.383952010635,0.037178374888605,0,0.44639403638608,0,0.009,0.22771166714877628,1.0841428984087318
PITT_RNA_PFC_1326,0.15668073916327,0.45353650078247,0.10942693143657,0,0.28035582861769,0,0.006,0.2772949555794293,1.0340525012940807
PITT_RNA_PFC_1336,0,0.56456865307915,0.15063238553407,0,0.28479896138678,0,0.015,0.19407285265287505,1.112617015757153
PITT_RNA_PFC_1341,0.035459022190622,0.6791814482794,0.071579201944843,0,0.21378032758514,0,0.063,0.10210620042288285,1.1855493689896983
PITT_RNA_PFC_1350,0.086941633559211,0.54287696226093,0.1417306814423,0,0.22845072273756,0,0.006,0.26794371211833656,1.0499181986167505
PITT_RNA_PFC_1361,0,0.18575500502178,0.23045639731787,0,0.58378859766035,0,0.007,0.23491723523724925,1.1085654988986458
PITT_RNA_PFC_1367,0.10083232824934,0.56397110889228,0.088018640460647,0,0.24717792239773,0,0.014,0.19719394933637915,1.0987308684984882
PITT_RNA_PFC_1372,0.070813370089627,0.52119342290286,0.12681206626249,0,0.28118114074502,0,0.005,0.29382905816242416,1.0332919821663609
PITT_RNA_PFC_1374,0.11211750329095,0.44188859983809,0.2189456127604,0,0.22704828411057,0,0.01,0.21629183659210932,1.0690308577462662
PITT_RNA_PFC_1386,0.080622786860978,0.4162879924371,0.15528202885797,0,0.34780719184395,0,0.006,0.26484160833774256,1.0457239197681343
PITT_RNA_PFC_1391,0.073441147299444,0.3774401278435,0.22788202749032,0,0.32123669736674,0,0.006,0.2642969428363531,1.040348970315016
PITT_RNA_PFC_1420,0.10000451750742,0.43008952095877,0.090346198509375,0,0.37955976302443,0,0.009,0.22159071855054746,1.0790337258440457
PITT_RNA_PFC_1433,0.1096865680891,0.57288384259261,0.15816054823028,0,0.15926904108802,0,0.009,0.22181056736272584,1.0834598652249454
PITT_RNA_PFC_1453,0.063639960997949,0.40573592926938,0.043301283926138,0,0.48732282580653,0,0.009,0.22501198774416342,1.0996762913198213
PITT_RNA_PFC_1454,0.11735745440318,0.57138185907067,0.013477789719873,0,0.29778289680628,0,0.015,0.18928746293833032,1.109711151748406
PITT_RNA_PFC_1455,0.013195369007443,0.49783809418681,0.24685241629545,0,0.2421141205103,0,0.015,0.17644088198668698,1.1108383106205526
PITT_RNA_PFC_1466,0.10765498985123,0.44796903981118,0.17259120346669,0,0.27178476687089,0,0.011,0.21228561034278942,1.0738497133783265
PITT_RNA_PFC_1472,0.11956783654488,0.38756474420374,0.059114941158014,0,0.43375247809337,0,0.006,0.2775288223964904,1.0484048648230586
PITT_RNA_PFC_1474,0,0.66948342092781,0.14611336233489,0,0.1844032167373,0,0.004,0.3123593455984537,1.0471556422315416
PITT_RNA_PFC_1506,0.047505703868877,0.45675489183943,0.081366760410767,0,0.41437264388093,0,0.007,0.24209142132239486,1.0780681307592785
PITT_RNA_PFC_1518,0.099090199933143,0.5604349703212,0.15027935394568,0,0.19019547579997,0,0.006,0.26200311601976184,1.0553557697804445
PITT_RNA_PFC_1524,0.13080137972818,0.4129106148003,0.26111219528215,0,0.19517581018937,0,0.009,0.2258460574896596,1.0599998801880302
PITT_RNA_PFC_1542,0.038999489476098,0.63135094787087,0.054296972043079,0,0.27535259060996,0,0.004,0.32456062821691145,1.030166006502784
PITT_RNA_PFC_1543,0.17720358305707,0.43674311050254,0.12058839693745,0,0.26546490950294,0,0.01,0.21674830673050988,1.069383191150379
PITT_RNA_PFC_1554,0.088453921917523,0.53242810613256,0.22028742200784,0,0.15883054994208,0,0.013,0.20043991423623633,1.0928481300646014
PITT_RNA_PFC_1555,0.079317464984712,0.64821887057845,0,0,0.27246366443684,0,0.007,0.2364575257329828,1.0918901348669716
PITT_RNA_PFC_1558,0.24804845748618,0.20345166959435,0.15985655732066,0,0.38864331559881,0,0.007,0.24884217124122057,1.0511541924936914
PITT_RNA_PFC_1579,0.07384155973291,0.4701667062194,0.043770447041447,0,0.41222128700624,0,0.009,0.2268844393235923,1.0883923293830384
PITT_RNA_PFC_1581,0.20840254935985,0.24260874598111,0.15965510993684,0,0.3893335947222,0,0.009,0.2215353690053636,1.0664148169819887
PITT_RNA_PFC_1583,0.092507669123197,0.44820164883755,0.23065172992791,0,0.22863895211134,0,0.01,0.21637472648105088,1.0708973186076547
PITT_RNA_PFC_1635,0.058967284890435,0.54346774047829,0.073444351669527,0,0.32412062296175,0,0.015,0.1785629523239159,1.1164875850608162
PITT_RNA_PFC_1649,0.11034991073453,0.54502352630453,0.13552455849491,0,0.20910200446604,0,0.012,0.20936771460748227,1.0863149024365821
PITT_RNA_PFC_1686,0.01232030706232,0.54138665006833,0.079062901626656,0,0.3672301412427,0,0.015,0.18924006695850423,1.1200204824763687
PITT_RNA_PFC_1691,0.02617382541596,0.8418682740847,0.020792669413514,0,0.11116523108582,0,0.005,0.29801577884147934,1.092117086140572
PITT_RNA_PFC_1706,0.089741575077619,0.45292815396667,0.057719104084527,0,0.39961116687118,0,0.03,0.12835531174789455,1.1448190448487827
PITT_RNA_PFC_1712,0,0.68705439328763,0.10301717417869,0,0.20992843253368,0,0.011,0.21165901377592214,1.1203829676768082
PITT_RNA_PFC_1734,0.067141641194415,0.62014871201959,0.13368955301525,0,0.17902009377074,0,0.015,0.1938401035144373,1.1116098583099636
PITT_RNA_PFC_1792,0.10520126061662,0.45126019080915,0.15732479526045,0,0.28621375331378,0,0.009,0.22953400804439308,1.0646564254909514
PITT_RNA_PFC_516,0.10407470298749,0.51123298483488,0.18608086175322,0,0.1986114504244,0,0.009,0.2252429016230557,1.0719426747498766
PITT_RNA_PFC_533,0.0075230544200476,0.4597983870632,0.26983096681881,0,0.26284759169794,0,0.009,0.2207481479175976,1.0800573046200095
PITT_RNA_PFC_539,0.023222047286889,0.63328790048919,0.1592673679881,0,0.18422268423582,0,0.013,0.2024378270368429,1.1133418277546774
PITT_RNA_PFC_546,0.22391473635373,0.3430719492854,0.24040748944785,0,0.19260582491303,0,0.013,0.2015442305059282,1.0695781583017194
PITT_RNA_PFC_547,0.037325557964228,0.76060996312909,0.14480501832038,0,0.057259460586307,0,0.088,0.08511320758339676,1.226400577378574
PITT_RNA_PFC_551,0.065094549051978,0.33379570807173,0.11247302389815,0,0.48863671897814,0,0.007,0.2538186664927998,1.0723008824531615
PITT_RNA_PFC_566,0,0.86626383650932,0.047946501199102,0,0.08578966229158,0,0.01,0.21669922533604946,1.164184823704779
PITT_RNA_PFC_581,0.13928136037074,0.44821732749602,0.20914051318396,0,0.20336079894928,0,0.015,0.18868326894742363,1.085348061313899
PITT_RNA_PFC_587,0.063141442736216,0.55321347870133,0.12864470123041,0,0.25500037733204,0,0.016,0.1705620772148733,1.1163001004109905
PITT_RNA_PFC_592,0.080682448007938,0.31713044941907,0.18710691283204,0,0.41508018974095,0,0.015,0.1941065334288058,1.0915453417848262
PITT_RNA_PFC_604,0.035983067144558,0.30789254058851,0.28278730600912,0,0.37333708625782,0,0.009,0.2268067747738136,1.0682337051062771
PITT_RNA_PFC_621,0.031122417626528,0.53995972196199,0.073014414923165,0,0.35590344548831,0,0.006,0.2795716940454709,1.056072692635809
PITT_RNA_PFC_622,0.00790197849576,0.45225455918415,0.36202681609427,0,0.17781664622583,0,0.082,0.09252197564735644,1.1613505590811761
PITT_RNA_PFC_625,0.12373887224258,0.50533627483501,0.21536434450178,0,0.15556050842063,0,0.018,0.15612243845457852,1.114191489005564
PITT_RNA_PFC_630,0.096908042053346,0.5207471875362,0.078343646444754,0,0.3040011239657,0,0.006,0.27650449307539127,1.0455206203089
PITT_RNA_PFC_634,0.043507419995727,0.54554473740846,0.11072387308992,0,0.30022396950589,0,0.006,0.26695747076814824,1.0579683853343085
PITT_RNA_PFC_640,0.047781634573451,0.48731431388927,0.050511180558041,0,0.41439287097924,0,0.006,0.25602474060131136,1.0731566929917253
PITT_RNA_PFC_656,0.084272129276086,0.52804755929972,0.060879338325416,0,0.32680097309878,0,0.015,0.18329627184190628,1.1099034489849757
PITT_RNA_PFC_665,0.10405630879353,0.40371263668104,0.0004,0,0.49183721517013,0,0.039,0.11899796486170089,1.1695760651867682
PITT_RNA_PFC_681,0.044523131875362,0.47653301817889,0.2110009878887,0,0.26794286205705,0,0.013,0.20580686068568282,1.0860334255696726
PITT_RNA_PFC_685,0.075191862137226,0.42064952698749,0.078630077961937,0,0.42552853291334,0,0.016,0.16849096395405275,1.1215389517576078
PITT_RNA_PFC_686,0.027861001188479,0.57357477083455,0.077701082541923,0,0.32086314543504,0,0.017,0.16064043900059355,1.1355761848755166
PITT_RNA_PFC_694,0.036194846361636,0.77339201908098,0.0069799213846033,0,0.18343321317278,0,0.004,0.31292642799701886,1.062446370159331
PITT_RNA_PFC_700,0,0.43344664144026,0.16038483133833,0,0.40616852722141,0,0.006,0.264743046444434,1.063047463557893
PITT_RNA_PFC_722,0.030415364612329,0.54707616594556,0.13864875938895,0,0.28385971005316,0,0.015,0.19206010717527913,1.1069409178408023
PITT_RNA_PFC_727,0.15034738778635,0.49915037083332,0.063686172111191,0,0.28681606926914,0,0.013,0.20402018457451904,1.0869952642303757
PITT_RNA_PFC_739,0.18040640047848,0.34136050769307,0.11641561767477,0,0.36181747415368,0,0.005,0.290242224282482,1.0244308012777588
PITT_RNA_PFC_781,0.083185034698958,0.49417289535567,0.05504957325707,0,0.36759249668831,0,0.015,0.1860798214394586,1.109170492763443
PITT_RNA_PFC_787,0.083561727119733,0.76194071402101,0.11023481036242,0,0.044262748496839,0,0.008,0.2317354091329814,1.1236510903695385
PITT_RNA_PFC_802,0.073666581615862,0.4182030194914,0.037822478207216,0,0.47030792068552,0,0.018,0.15555973931227784,1.1415695241340584
PITT_RNA_PFC_806,0.081485153542377,0.4363785385638,0.086158018296819,0,0.395978289597,0,0.01,0.21835392500562242,1.0854552060958549
PITT_RNA_PFC_818,0.032199056268236,0.46939975189796,0.097780955553167,0,0.40062023628063,0,0.007,0.24699104721075113,1.0749885152841039
PITT_RNA_PFC_822,0.028662718333445,0.71879660989509,0.10890515876541,0,0.14363551300605,0,0.007,0.23391626442654084,1.1091997879683453
PITT_RNA_PFC_829,0.056823240710116,0.51360583349109,0.16331230623915,0,0.26625861955965,0,0.015,0.19308932714024152,1.0973408271875043
PITT_RNA_PFC_852,0.048456458844009,0.59278358406417,0.078806188331453,0,0.27995376876037,0,0.006,0.2717923177364697,1.060019062336537
PITT_RNA_PFC_857,0.072858439846935,0.5031533473042,0.13305263434484,0,0.29093557850402,0,0.007,0.24873111289132818,1.0610136061386604
PITT_RNA_PFC_902,0.071390090912566,0.28542693419888,0.15190745315388,0,0.49127552173468,0,0.004,0.3260339714634714,1.0195298419744998
PITT_RNA_PFC_904,0.07182506331551,0.6148397080213,0.0072644459706656,0,0.30607078269253,0,0.006,0.2758895044133346,1.0624226628667373
PITT_RNA_PFC_917,0.086126762563112,0.69275910250217,0.029468795205142,0,0.19164533972957,0,0.006,0.2591392785309819,1.0808121729644742
PITT_RNA_PFC_933,0.020376227741286,0.47117128612988,0.1203496929957,0,0.38810279313313,0,0.008,0.23058206459619307,1.084928257735124
PITT_RNA_PFC_970,0.086248013499534,0.44170712233847,0.15970935947467,0,0.31233550468733,0,0.01,0.21705084647985853,1.0744350111777945
PITT_RNA_PFC_987,0.068941805114819,0.59051636021585,0.02702674985657,0,0.31351508481276,0,0.016,0.17078206343200583,1.1283470131974758
PITT_RNA_PFC_988,0.061890876310711,0.35422919199174,0.093215470743961,0,0.49066446095359,0,0.005,0.2900132675615794,1.0503985721718687
